100,ADA HIGH SCHOOL ADA,"725 WEST NORTH ST.    ADA, OH 45810-1016"
102,ADENA HIGH SCHOOL FRANKFORT,"3367 COUNTY ROAD 550    FRANKFORT, OH 45628"
105,AFRICENTRIC SECONDARY SCHOOL H COLUMBUS,"300 E LIVINGSTON AVE    COLUMBUS, OH 43215-5761"
106,AIKEN HIGH SCHOOL CINCINNATI,"5641 BELMONT AVENUE    CINCINNATI, OH 45224"
108,ALEXANDER HIGH SCHOOL ALBANY,"6125 SCHOOL RD    ALBANY, OH 45710-9492"
110,ALLEN EAST HIGH SCHOOL LAFAYETTE,"9105 HARDING HWY.    HARROD, OH 45850"
112,ALLIANCE HIGH SCHOOL ALLIANCE,"400 GLAMORGAN ST    ALLIANCE, OH 44601-2810"
114,AMANDA-CLEARCREEK HIGH SCHOOL AMANDA,"328 E. MAIN STREET    AMANDA, OH 43102-9773"
116,AMELIA HIGH SCHOOL BATAVIA,"1351 CLOUGH PIKE    BATAVIA, OH 45103-2503"
118,ANDERSON HIGH SCHOOL CINCINNATI,"7560 FOREST RD    CINCINNATI, OH 45255-4307"
120,ANNA HIGH SCHOOL ANNA,"1 MCRILL WAY    ANNA, OH 45302"
122,ANSONIA HIGH SCHOOL ANSONIA,"600 E CANAL ST    ANSONIA, OH 45303"
124,ANTHONY WAYNE HIGH SCHOOL WHITEHOUSE,"5967 FINZEL RD    WHITEHOUSE, OH 43571-9661"
126,ANTWERP HIGH SCHOOL ANTWERP,"303 S HARRMANN RD    ANTWERP, OH 45813-9574"
128,ARCADIA HIGH SCHOOL ARCADIA,"19033 ST RT 12    ARCADIA, OH 44804-9714"
130,ARCANUM HIGH SCHOOL ARCANUM,"2011 TROJAN AVE.    ARCANUM, OH 45304-1338"
132,ARCHBISHOP ALTER HIGH SCHOOL KETTERING,"940 E DAVID RD    KETTERING, OH 45429-5512"
724,ARCHBISHOP HOBAN HIGH SCHOOL AKRON,"ONE HOLY CROSS BLVD.    AKRON, OH 44306-1531"
998,ARCHBISHOP MCNICHOLAS HIGH SCH CINCINNATI,"6536 BEECHMONT AVE    CINCINNATI, OH 45230-2004"
1056,ARCHBISHOP MOELLER HIGH SCHOOL CINCINNATI,"9001 MONTGOMERY ROAD    CINCINNATI, OH 45242-7711"
134,ARCHBOLD HIGH SCHOOL ARCHBOLD,"600 LAFAYETTE ST    ARCHBOLD, OH 43502-1656"
136,ARLINGTON HIGH SCHOOL ARLINGTON,"336 S. MAIN ST.    ARLINGTON, OH 45814-0260"
138,ASHLAND HIGH SCHOOL ASHLAND,"1440 KING RD    ASHLAND, OH 44805-3635"
144,ATHENS HIGH SCHOOL THE PLAINS,"1 HIGH SCHOOL RD    THE PLAINS, OH 45780-1148"
146,AURORA HIGH SCHOOL AURORA,"109 W PIONEER TR    AURORA, OH 44202-9103"
148,AUSTINTOWN-FITCH HIGH SCHOOL YOUNGSTOWN,"4560 FALCON DR    AUSTINTOWN, OH 44515-3701"
150,AVON HIGH SCHOOL AVON,"37545 DETROIT ROAD    AVON, OH 44011-1821"
152,AVON LAKE HIGH SCHOOL AVON LAKE,"175 AVON BELDEN RD    AVON LAKE, OH 44012-1650"
154,AYERSVILLE HIGH SCHOOL DEFIANCE,"28046 WATSON RD    DEFIANCE, OH 43512-8756"
156,BADGER HIGH SCHOOL KINSMAN,"7119 STATE ROUTE 7    KINSMAN, OH 44428-9788"
158,BADIN HIGH SCHOOL HAMILTON,"571 NEW LONDON ROAD    HAMILTON, OH 45013-3654"
160,BARBERTON HIGH SCHOOL BARBERTON,"555 BARBER ROAD    BARBERTON, OH 44203-2249"
162,BARNESVILLE HIGH SCHOOL BARNESVILLE,"910 SHAMROCK DR    BARNESVILLE, OH 43713-9115"
164,BATAVIA HIGH SCHOOL BATAVIA,"ONE BULLDOG PLACE    BATAVIA, OH 45103-3213"
166,BATH HIGH SCHOOL LIMA,"2850 BIBLE ROAD    LIMA, OH 45801-2242"
168,BAY HIGH SCHOOL BAY VILLAGE,"29230 WOLF RD    BAY VILLAGE, OH 44140-1809"
170,BEACHWOOD HIGH SCHOOL BEACHWOOD,"25100 FAIRMOUNT BLVD    BEACHWOOD, OH 44122-2250"
172,BEALLSVILLE HIGH SCHOOL BEALLSVILLE,"43822 STATE ROUTE 556    BEALLSVILLE, OH 43716-0262"
174,BEAUMONT SCHOOL HIGH SCHOOL CLEVELAND HGTS.,"3301 N PARK BLVD    CLEVELAND HTS., OH 44118-4258"
176,BEAVER HIGH SCHOOL LISBON,"46090 BELL SCHOOL ROAD    EAST LIVERPOOL, OH 43920"
178,BEAVERCREEK HIGH SCHOOL BEAVERCREEK,"2660 DAYTON-XENIA RD    BEAVERCREEK, OH 45434-6399"
180,BEDFORD HIGH SCHOOL BEDFORD,"481 NORTHFIELD ROAD    BEDFORD, OH 44146-2201"
186,BEECHCROFT HIGH SCHOOL COLUMBUS,"6100 BEECHCROFT RD    COLUMBUS, OH 43229-2703"
182,BELLAIRE HIGH SCHOOL BELLAIRE,"349 35TH STREET    BELLAIRE, OH 43906-1278"
184,BELLBROOK HIGH SCHOOL BELLBROOK,"3737 UPPER BELLBROOK RD    BELLBROOK, OH 45305-9705"
188,BELLEFONTAINE HIGH SCHOOL BELLEFONTAINE,"555 E LAKE AVE    BELLEFONTAINE, OH 43311-2509"
190,BELLEVUE HIGH SCHOOL BELLEVUE,"200 OAKLAND AVENUE    BELLEVUE, OH 44811-8003"
192,BELMONT HIGH SCHOOL DAYTON,"2615 WAYNE AVE.    DAYTON, OH 45420"
194,BELPRE HIGH SCHOOL BELPRE,"612 3RD ST    BELPRE, OH 45714"
196,BENEDICTINE HIGH SCHOOL CLEVELAND,"2900 MARTIN L KING DR    CLEVELAND, OH 44104-4802"
198,BENJAMIN LOGAN HIGH SCHOOL BELLEFONTAINE,"6609 STATE ROUTE 47 E    BELLEFONTAINE, OH 43311-9527"
200,BEREA HIGH SCHOOL BEREA,"165 E BAGLEY RD    BEREA, OH 44017-2050"
202,BERKSHIRE HIGH SCHOOL BURTON,"14510 NORTH CHESHIRE STREET    BURTON, OH 44021-0365"
204,BERNE UNION HIGH SCHOOL SUGAR GROVE,"506 N MAIN ST    SUGAR GROVE, OH 43155-0187"
206,BETHEL HIGH SCHOOL TIPP CITY,"7490 S STATE ROUTE 201    TIPP CITY, OH 45371"
208,BETHEL-TATE HIGH SCHOOL BETHEL,"3420 ST. RT. 125    BETHEL, OH 45106"
210,BETTSVILLE HIGH SCHOOL BETTSVILLE,
212,BEXLEY HIGH SCHOOL COLUMBUS,"326 S CASSINGHAM RD    COLUMBUS, OH 43209-1806"
214,BIG WALNUT HIGH SCHOOL SUNBURY,"555 S OLD 3C HWY    SUNBURY, OH 43074-9507"
582,BISHOP FENWICK HIGH SCHOOL FRANKLIN,"4855 STATE ROUTE 122    FRANKLIN, OH 45005-9648"
218,BISHOP HARTLEY HIGH SCHOOL COLUMBUS,"1285 ZETTLER ROAD    COLUMBUS, OH 43227-1914"
220,BISHOP READY HIGH SCHOOL COLUMBUS,"707 SALISBURY RD    COLUMBUS, OH 43204-2449"
222,BISHOP ROSECRANS HIGH SCHOOL ZANESVILLE,"1040 E MAIN ST    ZANESVILLE, OH 43701-4410"
224,BISHOP WATTERSON HIGH SCHOOL COLUMBUS,"99 E COOKE RD    COLUMBUS, OH 43214-3111"
226,BLACK RIVER HIGH SCHOOL SULLIVAN,"233 COUNTY ROAD 40    SULLIVAN, OH 44880"
228,BLANCHESTER HIGH SCHOOL BLANCHESTER,"953 CHERRY ST    BLANCHESTER, OH 45107"
232,BLOOM-CARROLL HIGH SCHOOL CARROLL,"5240 PLUM ROAD    CARROLL, OH 43112-9776"
234,BLOOMFIELD HIGH SCHOOL N BLOOMFIELD,"2077 PARK WEST RD NW    N BLOOMFIELD, OH 44450-9702"
236,BLUFFTON HIGH SCHOOL BLUFFTON,"106 W COLLEGE AVE    BLUFFTON, OH 45817-1242"
238,BOARDMAN HIGH SCHOOL YOUNGSTOWN,"7777 GLENWOOD AVE    YOUNGSTOWN, OH 44512-5824"
240,BOTKINS HIGH SCHOOL BOTKINS,"404 E. STATE ST.    BOTKINS, OH 45306-0550"
242,BOWLING GREEN HIGH SCHOOL BOWLING GREEN,"530 W POE ROAD    BOWLING GREEN, OH 43402-1213"
244,BOWSHER HIGH SCHOOL TOLEDO,"2200 ARLINGTON AVE.    TOLEDO, OH 43614-4441"
246,BRADFORD HIGH SCHOOL BRADFORD,"750 RAILROAD AVE.    BRADFORD, OH 45308-1160"
248,BRECKSVILLE-BROADVIEW HTS HIGH BROADVIEW HTS,"6380 MILL ROAD    BROADVIEW HTS, OH 44147-2260"
250,BRIDGEPORT HIGH SCHOOL BRIDGEPORT,"55707 INDUSTRIAL DR    BRIDGEPORT, OH 43912-1516"
252,BRIGGS HIGH SCHOOL COLUMBUS,"2555 BRIGGS RD    COLUMBUS, OH 43223-3110"
254,BRISTOL HIGH SCHOOL BRISTOLVILLE,"1845 GREENVILLE RD NW    BRISTOLVILLE, OH 44402-0260"
256,BROOKFIELD HIGH SCHOOL BROOKFIELD,"614 BEDFORD RD.    BROOKFIELD, OH 44403-9540"
258,BROOKHAVEN HIGH SCHOOL COLUMBUS,
260,BROOKLYN HIGH SCHOOL BROOKLYN,"9200 BIDDULPH RD    BROOKLYN, OH 44144-2614"
262,BROOKSIDE HIGH SCHOOL SHEFFIELD,"1662 HARRIS RD.    SHEFFIELD, OH 44054-2698"
264,BROOKVILLE HIGH SCHOOL BROOKVILLE,"1 BLUE PRIDE DRIVE    BROOKVILLE, OH 45309-1443"
268,BRUNSWICK HIGH SCHOOL BRUNSWICK,"3581 CENTER RD    BRUNSWICK, OH 44212-3617"
270,BRUSH HIGH SCHOOL LYNDHURST,"4875 GLENLYN ROAD    LYNDHURST, OH 44124-2312"
272,BRYAN HIGH SCHOOL BRYAN,"150 S PORTLAND ST    BRYAN, OH 43506-1641"
274,BUCHTEL HIGH SCHOOL AKRON,"1040 COPLEY RD    AKRON, OH 44320-2853"
278,BUCKEYE CENTRAL HIGH SCHOOL NEW WASHINGTON,"938 S. KIBLER STREET    NEW WASHINGTON, OH 44854"
276,BUCKEYE HIGH SCHOOL MEDINA,"3084 COLUMBIA ROAD    MEDINA, OH 44256-9411"
282,BUCKEYE LOCAL HIGH SCHOOL RAYLAND,"10692 STATE HIGHWAY 150    RAYLAND, OH 43943-7847"
284,BUCKEYE TRAIL HIGH SCHOOL LORE CITY,"65555 WINTERGREEN ROAD    LORE CITY, OH 43755-9715"
286,BUCKEYE VALLEY HIGH SCHOOL DELAWARE,"901 COOVER RD    DELAWARE, OH 43015-9733"
290,BUCYRUS HIGH SCHOOL BUCYRUS,"900 W. PERRY    BUCYRUS, OH 44820"
292,BUTLER HIGH SCHOOL VANDALIA,"600 S DIXIE DRIVE    VANDALIA, OH 45377-2550"
296,CALDWELL HIGH SCHOOL CALDWELL,"516 FAIRGROUND ST    CALDWELL, OH 43724-1108"
298,CALVERT HIGH SCHOOL TIFFIN,"152 MADISON ST    TIFFIN, OH 44883-2825"
300,CAMBRIDGE HIGH SCHOOL CAMBRIDGE,"1401 DEERPATH DR    CAMBRIDGE, OH 43725-9097"
302,CANAL WINCHESTER HIGH SCHOOL C WINCHESTER,"300 WASHINGTON ST    CANAL WINCHESTER, OH 43110-1224"
304,CANFIELD HIGH SCHOOL CANFIELD,"100 CARDINAL DR    CANFIELD, OH 44406-1111"
340,CANTON CENTRAL CATHOLIC HIGH S CANTON,"4824 W TUSCARAWAS ST W    CANTON, OH 44708-5118"
306,CANTON MC KINLEY HIGH SCHOOL CANTON,"2323 17TH ST NW    CANTON, OH 44708-2601"
1432,CANTON SOUTH HIGH SCHOOL CANTON,"600 FAIRCREST ST SE    CANTON, OH 44707-1344"
308,CARDINAL HIGH SCHOOL MIDDLEFIELD,"14785 THOMPSON AVE    MIDDLEFIELD, OH 44062-9636"
310,CARDINAL MOONEY HIGH SCHOOL YOUNGSTOWN,"2545 ERIE ST    YOUNGSTOWN, OH 44507-1522"
312,CARDINAL STRITCH HIGH SCHOOL OREGON,"3225 PICKLE ROAD    OREGON, OH 43616-4099"
314,CARDINGTON-LINCOLN HIGH SCHOOL CARDINGTON,"349 CHESTERVILLE AVE    CARDINGTON, OH 43315-9301"
316,CAREY HIGH SCHOOL CAREY,"357 E SOUTH STREET    CAREY, OH 43316-1234"
318,CARLISLE HIGH SCHOOL CARLISLE,"250 JAMAICA ROAD    CARLISLE, OH 45005-3106"
320,CARROLL HIGH SCHOOL DAYTON,"4524 LINDEN AVE    DAYTON, OH 45432-3026"
322,CARROLLTON HIGH SCHOOL CARROLLTON,"252 THIRD ST NE    CARROLLTON, OH 44615-1236"
324,CATHOLIC CENTRAL HIGH SCHOOL SPRINGFIELD,"1200 E HIGH ST    SPRINGFIELD, OH 45505-1124"
326,CATHOLIC CENTRAL HIGH SCHOOL STEUBENVILLE,"320 WESTVIEW AVE    STEUBENVILLE, OH 43952-2303"
328,CEDARVILLE HIGH SCHOOL CEDARVILLE,"248 N MAIN ST    CEDARVILLE, OH 45314"
330,CELINA HIGH SCHOOL CELINA,"715 E WAYNE ST    CELINA, OH 45822-1357"
332,CENTENNIAL HIGH SCHOOL COLUMBUS,"1441 BETHEL RD    COLUMBUS, OH 43220-2001"
334,CENTERBURG HIGH SCHOOL CENTERBURG,"3782 COLUMBUS ROAD    CENTERBURG, OH 43011-9475"
336,CENTERVILLE HIGH SCHOOL CENTERVILLE,"500 E FRANKLIN ST    CENTERVILLE, OH 45459-5714"
342,CENTRAL CATHOLIC HIGH SCHOOL TOLEDO,"2550 CHERRY ST    TOLEDO, OH 43608-2372"
341,CENTRAL CHRISTIAN HIGH SCHOOL KIDRON,"3970 KIDRON RD    KIDRON, OH 44636"
345,CENTRAL CROSSING HIGH SCHOOL GROVE CITY,"4500 BIG RUN SOUTH RD    GROVE CITY, OH 43123-9687"
344,CENTRAL-HOWER HIGH SCHOOL AKRON,
346,CHAGRIN FALLS HIGH SCHOOL CHAGRIN FALLS,"400 E WASHINGTON ST    CHAGRIN FALLS, OH 44022-2924"
348,CHALKER HIGH SCHOOL SOUTHINGTON,"2482 ST. RT. 534    SOUTHINGTON, OH 44470-9721"
352,CHAMINADE-JULIENNE HIGH SCHOOL DAYTON,"505 S LUDLOW STREET    DAYTON, OH 45402-2606"
354,CHAMPION HIGH SCHOOL WARREN,"5976 MAHONING AVE NW    WARREN, OH 44483-1144"
358,CHANEY HIGH SCHOOL YOUNGSTOWN,
360,CHARDON HIGH SCHOOL CHARDON,"151 CHARDON AVE    CHARDON, OH 44024-1057"
362,CHESAPEAKE HIGH SCHOOL CHESAPEAKE,"10181 COUNTY ROAD 1    CHESAPEAKE, OH 45619-0458"
364,CHILLICOTHE HIGH SCHOOL CHILLICOTHE,"421 YOCTANGEE PARKWAY    CHILLICOTHE, OH 45601"
366,CHIPPEWA HIGH SCHOOL DOYLESTOWN,"100 VALLEY VIEW RD    DOYLESTOWN, OH 44230-1621"
367,CHRISTIAN ACADEMY SIDNEY,
667,CINCINNATI CHRISTIAN HIGH SCHO HAMILTON,"7474 MORRIS ROAD    FAIRFIELD, OH 45011"
368,CINCINNATI COUNTRY DAY HIGH SC CINCINNATI,"6905 GIVEN ROAD    CINCINNATI, OH 45243-2839"
369,CINCINNATI HILLS CHRISTIAN ACA CINCINNATI,"11525 SNIDER RD    CINCINNATI, OH 45249-2222"
370,CIRCLEVILLE HIGH SCHOOL CIRCLEVILLE,"380 CLARK DR    CIRCLEVILLE, OH 43113-1517"
1956,CLARK MONTESSORI HIGH SCHOOL CINCINNATI,"3030 ERIE AVE    CINCINNATI, OH 45208"
372,CLAY HIGH SCHOOL OREGON,"5665 SEAMAN RD    OREGON, OH 43616-2613"
374,CLAY HIGH SCHOOL PORTSMOUTH,"44 CLAY HIGH STREET    PORTSMOUTH, OH 45662-9805"
376,CLAYMONT HIGH SCHOOL UHRICHSVILLE,"4205 INDIAN HILL RD    UHRICHSVILLE, OH 44683-1305"
378,CLEAR FORK HIGH SCHOOL BELLVILLE,"987 STATE ROUTE 97 E    BELLVILLE, OH 44813-9803"
380,CLEARVIEW HIGH SCHOOL LORAIN,"4700 BROADWAY    LORAIN, OH 44052-5542"
382,CLERMONT NORTHEASTERN HIGH SCH BATAVIA,"5327 HUTCHINSON RD    BATAVIA, OH 45103-9511"
384,CLEVELAND CENTRAL CATHOLIC HIG CLEVELAND,"6550 BAXTER AVE    CLEVELAND, OH 44105-1255"
385,CLEVELAND HEIGHTS HIGH SCHOOL CLEVELAND HGTS.,"13263 CEDAR ROAD    CLEVELAND HEIGHTS, OH 44118-2926"
386,CLEVELAND SCHOOL OF THE ARTS H CLEVELAND,
388,CLINTON-MASSIE HIGH SCHOOL CLARKSVILLE,"2556 LEBANON RD    CLARKSVILLE, OH 45113-9712"
390,CLOVERLEAF HIGH SCHOOL LODI,"8525 FRIENDSVILLE ROAD    LODI, OH 44254-9706"
392,CLYDE HIGH SCHOOL CLYDE,"1015 RACE ST    CLYDE, OH 43410-1832"
394,COLDWATER HIGH SCHOOL COLDWATER,"310 N SECOND ST    COLDWATER, OH 45828"
396,COLERAIN HIGH SCHOOL CINCINNATI,"8801 CHEVIOT RD    CINCINNATI, OH 45251-5907"
398,COLLINWOOD HIGH SCHOOL CLEVELAND,"15210 ST CLAIR AVE    CLEVELAND, OH 44110-3012"
400,COLONEL CRAWFORD HIGH SCHOOL NORTH ROBINSON,"2303 STATE ROUTE 602    NORTH ROBINSON, OH 44856"
402,COLONEL WHITE HIGH SCHOOL DAYTON,"4447 HOOVER AVE    DAYTON, OH 45417"
404,COLUMBIA HIGH SCHOOL COLUMBIA STA,"14168 W RIVER RD    COLUMBIA STATION, OH 44028-9430"
406,COLUMBIAN HIGH SCHOOL TIFFIN,"300 S MONROE ST    TIFFIN, OH 44883-2906"
408,COLUMBIANA HIGH SCHOOL COLUMBIANA,"700 COLUMBIANA WATERFORD    COLUMBIANA, OH 44408-1310"
410,COLUMBUS ACADEMY HIGH SCHOOL GAHANNA,"4300 CHERRY BOTTOM RD    GAHANNA, OH 43230-1724"
412,COLUMBUS GROVE HIGH SCHOOL COLUMBUS GROVE,"201 W CROSS ST    COLUMBUS GROVE, OH 45830-1237"
9360,COLUMBUS INTERNATIONAL COLUMBUS,"100 EAST ARCADIA AVENUE    COLUMBUS, OH 43202"
414,COLUMBUS SCHOOL FOR GIRLS HIGH COLUMBUS,"56 S. COLUMBIA AVENUE    COLUMBUS, OH 43209-1620"
415,COMPASS EDUCATION CENTER HIGH YOUNGSTOWN,
416,CONNEAUT HIGH SCHOOL CONNEAUT,"381 MILL ST    CONNEAUT, OH 44030-2439"
418,CONOTTON VALLEY HIGH SCHOOL BOWERSTON,"7205 CUMBERLAND RD SW    BOWERSTON, OH 44695-9632"
420,CONTINENTAL HIGH SCHOOL CONTINENTAL,"5211 ST RT 634    CONTINENTAL, OH 45831-9401"
422,COPLEY HIGH SCHOOL COPLEY,"3807 RIDGEWOOD RD    COPLEY, OH 44321-1630"
423,CORNERSTONE CHRISTIAN HIGH SCH WILLOUGHBY,"2846 SOM CENTER RD    WILLOUGHBY, OH 44094-9106"
424,CORY-RAWSON HIGH SCHOOL RAWSON,"3930 COUNTY ROAD 26    RAWSON, OH 45881-9676"
426,COSHOCTON HIGH SCHOOL COSHOCTON,"1205 CAMBRIDGE ROAD    COSHOCTON, OH 43812-2742"
428,COVENTRY HIGH SCHOOL AKRON,"3089 MANCHESTER ROAD    AKRON, OH 44319-1425"
430,COVINGTON HIGH SCHOOL COVINGTON,"807 CHESTNUT ST    COVINGTON, OH 45318-1760"
432,CRESTLINE HIGH SCHOOL CRESTLINE,"435 OLDFIELD RD    CRESTLINE, OH 44827-9782"
434,CRESTVIEW HIGH SCHOOL ASHLAND,"1575 STATE ROUTE 96    ASHLAND, OH 44805"
436,CRESTVIEW HIGH SCHOOL COLUMBIANA,"44100 CRESTVIEW RD, STE B    COLUMBIANA, OH 44408-9554"
438,CRESTVIEW HIGH SCHOOL CONVOY,"531 E TULLY STREET    CONVOY, OH 45832"
440,CRESTWOOD HIGH SCHOOL MANTUA,"10919 N MAIN ST    MANTUA, OH 44255-9624"
442,CROOKSVILLE HIGH SCHOOL CROOKSVILLE,"4075 CERAMIC WAY    CROOKSVILLE, OH 43731-1015"
444,CUYAHOGA FALLS HIGH SCHOOL CUYAHOGA FALLS,"2300 4TH ST    CUYAHOGA FALLS, OH 44221-2520"
446,CUYAHOGA HEIGHTS HIGH SCHOOL CLEVELAND,"4820 E 71ST STREET    CUYAHOGA HEIGHTS, OH 44125-1043"
448,CUYAHOGA VALLEY CHRISTIAN ACAD CUYAHOGA FALLS,"4687 WYOGA LAKE RD    CUYAHOGA FALLS, OH 44224-1011"
450,DALTON HIGH SCHOOL DALTON,"177 N. MILL ST N    DALTON, OH 44618"
452,DANBURY HIGH SCHOOL LAKESIDE,"9451 E HARBOR RD    LAKESIDE, OH 43440-1310"
454,DANVILLE HIGH SCHOOL DANVILLE,"10 RAMBO STREET    DANVILLE, OH 43014-0030"
456,DAVID ANDERSON HIGH SCHOOL LISBON,"260 W PINE ST    LISBON, OH 44432-1104"
458,DAWSON-BRYANT HIGH SCHOOL COAL GROVE,"1 HORNET LANE    COAL GROVE, OH 45638"
460,DAYTON CHRISTIAN HIGH SCHOOL MIAMISBURG,"9391 WASHINGTON CHURCH RD    MIAMISBURG, OH 45342"
462,DEER PARK HIGH SCHOOL CINCINNATI,"8351 PLAINFIELD ROAD    CINCINNATI, OH 45236-2445"
464,DEFIANCE HIGH SCHOOL DEFIANCE,"1755 PALMER DR    DEFIANCE, OH 43512-3422"
465,DELAWARE CHRISTIAN SCHOOL HIGH DELAWARE,"45 BELLE AVENUE    DELAWARE, OH 43015-2630"
466,DELTA HIGH SCHOOL DELTA,"605 TAYLOR ST    DELTA, OH 43515-1045"
470,DIXIE HIGH SCHOOL NEW LEBANON,"300 FULS RD    NEW LEBANON, OH 45345-9739"
472,DOVER HIGH SCHOOL DOVER,"520 N. WALNUT ST    DOVER, OH 44622-2834"
474,DUBLIN COFFMAN HIGH SCHOOL DUBLIN,"6780 COFFMAN RD    DUBLIN, OH 43017-1027"
486,DUBLIN JEROME HIGH SCHOOL DUBLIN,"8300 HYLAND-CROY ROAD    DUBLIN, OH 43016-7016"
475,DUBLIN SCIOTO HIGH SCHOOL DUBLIN,"4000 HARD RD    DUBLIN, OH 43016-8349"
476,DUNBAR HIGH SCHOOL DAYTON,"1400 ALBRITTON AVE.    DAYTON, OH 45417"
478,EAST AKRON AKRON,"80 BRITTAIN RD    AKRON, OH 44305"
488,EAST CANTON HIGH SCHOOL EAST CANTON,"310 BROWNING ST    EAST CANTON, OH 44730-1248"
490,EAST CLINTON HIGH SCHOOL LEES CREEK,"174 LARRICK RD    LEES CREEK, OH 45138"
482,EAST HIGH SCHOOL COLUMBUS,"1500 EAST BROAD STREET    COLUMBUS, OH 43205"
483,EAST HIGH SCHOOL YOUNGSTOWN,"474 BENNINGTON AVE    YOUNGSTOWN, OH 44505-3508"
498,EAST KNOX HIGH SCHOOL HOWARD,"23227 COSHOCTON RD    HOWARD, OH 43028-0128"
500,EAST LIVERPOOL HIGH SCHOOL EAST LIVERPOOL,"100 MAINE BLVD    EAST LIVERPOOL, OH 43920-1936"
504,EAST PALESTINE HIGH SCHOOL EAST PALESTINE,"360 W GRANT ST    EAST PALESTINE, OH 44413-1664"
506,EAST TECHNICAL HIGH SCHOOL CLEVELAND,"2439 E 55TH ST    CLEVELAND, OH 44104-1501"
492,EASTERN HIGH SCHOOL BEAVER,"1170 TILE MILL RD    BEAVER, OH 45613-9435"
494,EASTERN HIGH SCHOOL REEDSVILLE,"38900 STATE ROUTE 7    REEDSVILLE, OH 45772-9802"
496,EASTERN HIGH SCHOOL SARDINIA,"11557 US 62    WINCHESTER, OH 45697"
502,EASTMOOR ACADEMY HIGH SCHOOL COLUMBUS,"417 S WEYANT AVE    COLUMBUS, OH 43213-2279"
508,EASTWOOD HIGH SCHOOL PEMBERVILLE,"4900 SUGAR RIDGE RD    PEMBERVILLE, OH 43450-9626"
505,EAST RICHLAND ST CLAIRSVILLE,"67888 FRIENDS CHURCH RD    ST. CLAIRSVILLE, OH 43950"
510,EATON HIGH SCHOOL EATON,"600 HILLCREST DRIVE    EATON, OH 45320"
512,EDGERTON HIGH SCHOOL EDGERTON,"111 E RIVER ST    EDGERTON, OH 43517-9623"
514,EDGEWOOD HIGH SCHOOL ASHTABULA,"2428 BLAKE RD    ASHTABULA, OH 44004-4548"
516,EDGEWOOD HIGH SCHOOL TRENTON,"3045 BUSENBARK ROAD    TRENTON, OH 45067"
518,EDISON HIGH SCHOOL MILAN,"2603 ROUTE 113 E    MILAN, OH 44846-9728"
519,EDISON HIGH SCHOOL RICHMOND,"9890 STATE ROUTE 152 N    RICHMOND, OH 43944-0308"
520,EDON HIGH SCHOOL EDON,"802 W INDIANA ST    EDON, OH 43518-9627"
522,ELDER HIGH SCHOOL CINCINNATI,"3900 VINCENT AVE    CINCINNATI, OH 45205-1672"
524,ELGIN HIGH SCHOOL MARION,"1200 KEENER ROAD SOUTH    MARION, OH 43302"
526,ELIDA HIGH SCHOOL ELIDA,"401 E NORTH ST    ELIDA, OH 45807"
528,ELLET HIGH SCHOOL AKRON,"309 WOOLF AVE    AKRON, OH 44312-1629"
530,ELMWOOD HIGH SCHOOL BLOOMDALE,"7650 JERRY CITY ROAD    BLOOMDALE, OH 44817-9763"
534,ELYRIA CATHOLIC HIGH SCHOOL ELYRIA,"725 GULF RD    ELYRIA, OH 44035-3648"
532,ELYRIA HIGH SCHOOL ELYRIA,"601 MIDDLE AVE    ELYRIA, OH 44035-5850"
591,EMMANUEL CHRISTIAN ACADEMY HIG SPRINGFIELD,"2177 EMMANUEL WAY    SPRINGFIELD, OH 45502"
540,EUCLID HIGH SCHOOL EUCLID,"711 E 222 STREET    EUCLID, OH 44123-2033"
542,EVERGREEN HIGH SCHOOL METAMORA,"14544 COUNTY ROAD 6    METAMORA, OH 43540-9741"
544,FAIRBANKS HIGH SCHOOL MILFORD CENTER,"11158 STATE ROUTE 38    MILFORD CENTER, OH 43045"
548,FAIRBORN HIGH SCHOOL FAIRBORN,"900 E DAYTON-YELLOW SPRINGS RD    FAIRBORN, OH 45324"
550,FAIRFIELD HIGH SCHOOL FAIRFIELD,"8800 HOLDEN BLVD    FAIRFIELD, OH 45014-2909"
552,FAIRFIELD HIGH SCHOOL LEESBURG,"11611 ST. RT. 771    LEESBURG, OH 45135-9782"
553,FAIRFIELD CHRISTIAN ACADEMY LANCASTER,"1965 N COLUMBUS ST    LANCASTER, OH 43130-1541"
554,FAIRFIELD UNION HIGH SCHOOL LANCASTER,"6675 CINCINNATI-ZANESVILLE RD NE    LANCASTER, OH 43130-9323"
556,FAIRLAND HIGH SCHOOL PROCTORVILLE,"812 COUNTY ROAD 411    PROCTORVILLE, OH 45669-9699"
558,FAIRLAWN HIGH SCHOOL SIDNEY,"18800 JOHNSTON RD    SIDNEY, OH 45365-9755"
560,FAIRLESS HIGH SCHOOL NAVARRE,"11885 NAVARRE RD SW    NAVARRE, OH 44662-9428"
566,FAIRPORT HARDING HIGH SCHOOL FAIRPORT HARBOR,"329 VINE ST    FAIRPORT HARBOR, OH 44077-5741"
570,FAIRVIEW HIGH SCHOOL FAIRVIEW PARK,"4507 213TH ST    FAIRVIEW PARK, OH 44126-2105"
572,FAIRVIEW HIGH SCHOOL SHERWOOD,"06289 US HWY 127    SHERWOOD, OH 43556-9801"
576,FAYETTEVILLE-PERRY HIGH SCHOOL FAYETTEVILLE,"501 S APPLE ST    FAYETTEVILLE, OH 45118"
578,FEDERAL HOCKING HIGH SCHOOL STEWART,"8461 STATE ROUTE 144    STEWART, OH 45778"
580,FELICITY-FRANKLIN HIGH SCHOOL FELICITY,"105 MARKET ST    FELICITY, OH 45120"
584,FIELD HIGH SCHOOL MOGADORE,"2900 STATE ROUTE 43    MOGADORE, OH 44260-9715"
586,FINDLAY HIGH SCHOOL FINDLAY,"1200 BROAD AVENUE    FINDLAY, OH 45840-2653"
588,FINNEYTOWN HIGH SCHOOL CINCINNATI,"8916 FONTAINEBLEAU TERR    CINCINNATI, OH 45231-4806"
590,FIRELANDS HIGH SCHOOL OBERLIN,"10643 VERMILION RD    OBERLIN, OH 44074-9628"
592,FIRESTONE HIGH SCHOOL AKRON,"333 RAMPART AVE    AKRON, OH 44313-6432"
593,FIRST BAPTIST CHRISTIAN SCHOOL ELYRIA,
594,FISHER CATHOLIC HIGH SCHOOL LANCASTER,"1803 GRANVILLE PIKE    LANCASTER, OH 43130-1042"
598,FORT FRYE HIGH SCHOOL BEVERLY,"420 5TH ST    BEVERLY, OH 45715-1089"
600,FORT JENNINGS HIGH SCHOOL FORT JENNINGS,"ONE MUSKETEER DR    FORT JENNINGS, OH 45844"
602,FORT LORAMIE HIGH SCHOOL FORT LORAMIE,"600 E PARK ST    FORT LORAMIE, OH 45845-0290"
604,FORT RECOVERY HIGH SCHOOL FORT RECOVERY,"400 EAST BUTLER STREET    FORT RECOVERY, OH 45846-0604"
606,FOSTORIA HIGH SCHOOL FOSTORIA,"1001 PARK AVE    FOSTORIA, OH 44830-1455"
610,FRANKLIN HEIGHTS HIGH SCHOOL COLUMBUS,"1001 DEMOREST RD    COLUMBUS, OH 43204-1043"
608,FRANKLIN HIGH SCHOOL FRANKLIN,"750 E 4TH STREET    FRANKLIN, OH 45005-2308"
612,FRANKLIN MONROE HIGH SCHOOL PITSBURG,"8591 OAKES ROAD    ARCANUM, OH 45304"
614,FREDERICKTOWN HIGH SCHOOL FREDERICKTOWN,"111 STADIUM DRIVE    FREDERICKTOWN, OH 43019-1267"
616,FREMONT ROSS HIGH SCHOOL FREMONT,"1100 NORTH STREET    FREMONT, OH 43420-1132"
618,FRONTIER HIGH SCHOOL NEW MATAMORAS,"44870 S.R. 7    NEW MATAMORAS, OH 45767-6149"
619,FUCHS MIZRACHI HIGH SCHOOL UNIVERSITY HTS,"26600 SHAKER BLVD    BEACHWOOD, OH 44122"
538,GAHANNA CHRISTIAN ACADEMY HIGH GAHANNA,"817 N HAMILTON RD    GAHANNA, OH 43230-1758"
620,GALION HIGH SCHOOL GALION,"472 PORTLAND WAY N.    GALION, OH 44833-1738"
622,GALLIA ACADEMY HIGH SCHOOL GALLIPOLIS,"2855 CENTENARY ROAD    GALLIPOLIS, OH 45631-1109"
624,GARAWAY HIGH SCHOOL SUGARCREEK,"146 DOVER RD    SUGARCREEK, OH 44681-9309"
632,GARFIELD HEIGHTS HIGH SCHOOL GARFIELD HTS,"4900 TURNEY ROAD    GARFIELD HTS, OH 44125-4346"
626,GARFIELD HIGH SCHOOL AKRON,"435 N FIRESTONE BLVD    AKRON, OH 44301-2204"
630,GARFIELD HIGH SCHOOL GARRETTSVILLE,"10233 STATE ROUTE 88    GARRETTSVILLE, OH 44231-9205"
634,GENEVA HIGH SCHOOL GENEVA,"1301 S RIDGE RD E    GENEVA, OH 44041-8269"
636,GENOA AREA HIGH SCHOOL GENOA,"2980 N GENOA CLAY CTR    GENOA, OH 43430-9733"
638,GEORGETOWN HIGH SCHOOL GEORGETOWN,"987 MT ORAB PIKE    GEORGETOWN, OH 45121"
640,GIBSONBURG HIGH SCHOOL GIBSONBURG,"740 S MAIN ST    GIBSONBURG, OH 43431-9591"
1071,GILEAD CHRISTIAN SCHOOL HIGH S MOUNT GILEAD,"3613 TWP RD 115    MOUNT GILEAD, OH 43338-9505"
642,GILMOUR ACADEMY HIGH SCHOOL GATES MILLS,"34001 CEDAR RD    GATES MILLS, OH 44040-9355"
644,GIRARD HIGH SCHOOL GIRARD,"1244 SHANNON    GIRARD, OH 44420-2722"
646,GLEN ESTE HIGH SCHOOL CINCINNATI,"4342 GLEN ESTE-WITHAMSVILLE ROAD    CINCINNATI, OH 45245"
650,GLENOAK HIGH SCHOOL CANTON,"1801 SCHNEIDER ST NE    CANTON, OH 44721-3349"
652,GLENVILLE ACADEMIC CAMPUS HIGH CLEVELAND,"650 E 113TH ST    CLEVELAND, OH 44108-2603"
654,GLENWOOD HIGH SCHOOL NEW BOSTON,"#1 GLENWOOD TIGER TRAIL    NEW BOSTON, OH 45662-5505"
656,GORHAM FAYETTE HIGH SCHOOL FAYETTE,"400 E GAMBLE RD    FAYETTE, OH 43521-9462"
658,GOSHEN HIGH SCHOOL GOSHEN,"6707 GOSHEN RD    GOSHEN, OH 45122"
660,GRAHAM LOCAL HIGH SCHOOL ST PARIS,"7800 W ST RTE 36    ST PARIS, OH 43072-9496"
662,GRAND VALLEY HIGH SCHOOL ORWELL,"111 GRAND VALLEY AVE WEST    ORWELL, OH 44076"
664,GRANDVIEW HEIGHTS HIGH SCHOOL COLUMBUS,"1587 WEST THIRD AVENUE    COLUMBUS, OH 43212-2825"
665,GRANVILLE CHRISTIAN ACADEMY GRANVILLE,"1820 NEWARK-GRANVILLE RD    GRANVILLE, OH 43023"
666,GRANVILLE HIGH SCHOOL GRANVILLE,"248 NEW BURG ST    GRANVILLE, OH 43023-1043"
668,GREEN HIGH SCHOOL FRANKLIN FURNAC,"4057 GALLIA PIKE    FRANKLIN FURNACE, OH 45629"
670,GREEN HIGH SCHOOL GREEN,"1474 BOETTLER RD.    UNIONTOWN, OH 44685"
672,GREENEVIEW HIGH SCHOOL JAMESTOWN,"4710 COTTONVILLE ROAD    JAMESTOWN, OH 45335-1550"
676,GREENON HIGH SCHOOL SPRINGFIELD,"3950 SOUTH TECUMSEH RD    SPRINGFIELD, OH 45502"
678,GREENVILLE HIGH SCHOOL GREENVILLE,"100 GREEN WAVE WAY    GREENVILLE, OH 45331"
681,GROVE CITY CHRISTIAN HIGH SCHO GROVE CITY,"4750 HOOVER ROAD    GROVE CITY, OH 43123-8504"
680,GROVE CITY HIGH SCHOOL GROVE CITY,"4665 HOOVER RD    GROVE CITY, OH 43123-9701"
682,GROVEPORT-MADISON HIGH SCHOOL GROVEPORT,"4475 S HAMILTON RD    GROVEPORT, OH 43125-9561"
685,HAMILTON HIGH SCHOOL HAMILTON,"1165 EATON AVE    HAMILTON, OH 45013-1402"
686,HAMILTON TOWNSHIP HIGH SCHOOL COLUMBUS,"1105 RATHMELL ROAD    COLUMBUS, OH 43207-5072"
694,HARDIN NORTHERN HIGH SCHOOL DOLA,"11589 STATE ROUTE 81    DOLA, OH 45835-9706"
695,HARMONY COMMUNITY SCHOOL HIGH CINCINNATI,
294,HARRISON CENTRAL HIGH SCHOOL CADIZ,"440 E MARKET ST    CADIZ, OH 43907-1244"
696,HARRISON HIGH SCHOOL HARRISON,"9860 WEST RD    HARRISON, OH 45030-1999"
1737,HARVEST PREPARATORY SCHOOL HIG COLUMBUS,"4595 GENDER ROAD    CANAL WINCHESTER, OH 43110-9149"
698,HARVEY HIGH SCHOOL PAINESVILLE,"200 WEST WALNUT STREET    PAINESVILLE, OH 44077-3328"
700,HATHAWAY BROWN SCHOOL HIGH SCH SHAKER HEIGHTS,"19600 N PARK BLVD    SHAKER HEIGHTS, OH 44122-1825"
702,HAWKEN HIGH SCHOOL GATES MILLS,"12465 COUNTY LINE RD    GATES MILLS, OH 44040-8002"
704,HAYES HIGH SCHOOL DELAWARE,"289 EUCLID AVE    DELAWARE, OH 43015-1272"
703,HEARTLAND CHRISTIAN SCHOOL COLUMBIANA,"28 PITTSBURGH ST.    COLUMBIANA, OH 44408"
706,HEATH HIGH SCHOOL HEATH,"300 LICKING VIEW DR    HEATH, OH 43056-1534"
705,HERITAGE CHRISTIAN SCHOOL HIGH CANTON,"2107 6TH ST SW    CANTON, OH 44706-1306"
708,HICKSVILLE HIGH SCHOOL HICKSVILLE,"958 E HIGH ST    HICKSVILLE, OH 43526"
710,HIGHLAND HIGH SCHOOL MEDINA,"4150 RIDGE RD    MEDINA, OH 44256-8620"
712,HIGHLAND HIGH SCHOOL SPARTA,"1300 OH-314    MARENGO, OH 43334"
714,HILAND HIGH SCHOOL BERLIN,"4500 TOWNSHIP ROAD 367    PO BOX 275        BERLIN, OH 44610"
715,HILLCREST HIGH SCHOOL CINCINNATI,"246 BONHAM RD    CINCINNATI, OH 45215-2067"
713,HILLIARD BRADLEY HILLIARD,"2800 WALKER RD    HILLIARD, OH 43026"
717,HILLIARD DARBY HIGH SCHOOL HILLIARD,"4200 LEPPERT ROAD    HILLIARD, OH 43026-8466"
716,HILLIARD DAVIDSON HIGH SCHOOL HILLIARD,"5100 DAVIDSON RD    HILLIARD, OH 43026-1313"
718,HILLSBORO HIGH SCHOOL HILLSBORO,"550 STATE RTE. 62 SOUTH    HILLSBORO, OH 45133-1314"
720,HILLSDALE HIGH SCHOOL JEROMESVILLE,"485 TWP ROAD 1902    JEROMESVILLE, OH 44840-9754"
722,HILLTOP HIGH SCHOOL WEST UNITY,"1401 WEST JACKSON    WEST UNITY, OH 43570"
726,HOLGATE HIGH SCHOOL HOLGATE,"801 E JOE E BROWN AVE    HOLGATE, OH 43527-9802"
728,HOLY NAME HIGH SCHOOL PARMA HEIGHTS,"6000 QUEENS HWY    PARMA HEIGHTS, OH 44130-1901"
730,HOOVER HIGH SCHOOL NORTH CANTON,"525 SEVENTH STREET NE    NORTH CANTON, OH 44720-3060"
732,HOPEWELL-LOUDON HIGH SCHOOL BASCOM,"181 N COUNTY RD 7    BASCOM, OH 44809-0400"
733,HORIZON SCIENCE ACADEMY HIGH S CLEVELAND,"6000 S MARGINAL RD    CLEVELAND, OH 44103-1042"
734,HOUSTON HIGH SCHOOL HOUSTON,"5300 HOUSTON ROAD    HOUSTON, OH 45333"
736,HOWLAND HIGH SCHOOL WARREN,"200 SHAFFER DR NE    WARREN, OH 44484-1843"
738,HUBBARD HIGH SCHOOL HUBBARD,"350 HALL AVE    HUBBARD, OH 44425-2067"
740,HUDSON HIGH SCHOOL HUDSON,"2500 HUDSON AURORA RD    HUDSON, OH 44236-2324"
742,HUGHES CENTER HIGH SCHOOL CINCINNATI,"2515 CLIFTON AVE    CINCINNATI, OH 45219-1003"
744,HUNTINGTON HIGH SCHOOL CHILLICOTHE,"188 HUNTSMAN RD    CHILLICOTHE, OH 45601-9378"
746,HURON HIGH SCHOOL HURON,"710 CLEVELAND RD WEST    HURON, OH 44839-1546"
748,INDEPENDENCE HIGH SCHOOL COLUMBUS,"5175 REFUGEE ROAD    COLUMBUS, OH 43232-5352"
750,INDEPENDENCE HIGH SCHOOL INDEPENDENCE,"6001 ARCHWOOD RD    INDEPENDENCE, OH 44131-4901"
751,INDIAN CREEK HIGH SCHOOL WINTERSVILLE,"200 PARK DR    WINTERSVILLE, OH 43953-3944"
752,INDIAN HILL HIGH SCHOOL CINCINNATI,"6865 DRAKE ROAD    CINCINNATI, OH 45243-2737"
754,INDIAN LAKE HIGH SCHOOL LEWISTOWN,"6210 STATE ROUTE 235 N    LEWISTOWN, OH 43333-9801"
758,INDIAN VALLEY HIGH SCHOOL GNADENHUTTEN,"253 S WALNUT ST    GNADENHUTTEN, OH 44629-0130"
759,INTERNATIONAL PREPARATORY SCHO WARRENSVILLE HT,
760,IRONTON HIGH SCHOOL IRONTON,"1701 S 7TH ST    IRONTON, OH 45638-2262"
766,JACKSON CENTER HIGH SCHOOL JACKSON CENTER,"204 S LINDEN ST    JACKSON CENTER, OH 45334"
762,JACKSON HIGH SCHOOL JACKSON,"500 VAUGHN STREET    JACKSON, OH 45640"
764,JACKSON HIGH SCHOOL MASSILLON,"7600 FULTON DR NW    MASSILLON, OH 44646-9393"
768,JACKSON-MILTON HIGH SCHOOL NORTH JACKSON,"13910  MAHONING AVE    NORTH JACKSON, OH 44451-9791"
770,JANE ADDAMS HIGH SCHOOL CLEVELAND,"2373 E 30TH ST    CLEVELAND, OH 44115-3081"
774,JEFFERSON AREA HIGH SCHOOL JEFFERSON,"207 WEST MULBERRY    JEFFERSON, OH 44047-1328"
772,JEFFERSON HIGH SCHOOL DELPHOS,"901 WILDCAT LANE    DELPHOS, OH 45833-9803"
776,JEFFERSON TWP HIGH SCHOOL DAYTON,"2701 S UNION RD    DAYTON, OH 45418-1537"
782,JOHN ADAMS CLEVELAND,"3817 E 116TH ST    CLEVELAND, OH 44105-2846"
784,JOHN F KENNEDY HIGH SCHOOL CLEVELAND,"17100 HARVARD AVE    CLEVELAND, OH 44128-2214"
786,JOHN F KENNEDY HIGH SCHOOL WARREN,"2550 CENTRAL PKWY SE    WARREN, OH 44484-5401"
788,JOHN GLENN HIGH SCHOOL NEW CONCORD,"13115 JOHN GLENN SCH RD    NEW CONCORD, OH 43762-9762"
792,JOHN MARSHALL HIGH SCHOOL CLEVELAND,"3952 W 140TH ST    CLEVELAND, OH 44111"
790,JOHN HAY CLEVELAND,"2075 STOKES BLVD    CLEVELAND, OH 44106-3051"
794,JOHNSTOWN-MONROE HIGH SCHOOL JOHNSTOWN,"401 S OREGON ST    JOHNSTOWN, OH 43031-1278"
796,JONATHAN ALDER HIGH SCHOOL PLAIN CITY,"9200 US HIGHWAY 42 S    PLAIN CITY, OH 43064-9238"
798,KALIDA HIGH SCHOOL KALIDA,"301 N 3RD ST    KALIDA, OH 45853-0269"
799,KELLEYS ISLAND HIGH SCHOOL KELLEYS ISLAND,"528 DIVISION STREET    KELLEYS ISLAND, OH 43438-0349"
800,KENMORE HIGH SCHOOL AKRON,"2140 13TH ST SW    AKRON, OH 44314-2338"
802,KENSTON HIGH SCHOOL CHAGRIN FALLS,"9500 BAINBRIDGE RD    CHAGRIN FALLS, OH 44023-2704"
804,KENTON HIGH SCHOOL KENTON,"200 HARDING AVE    KENTON, OH 43326-1669"
806,KENTON RIDGE HIGH SCHOOL SPRINGFIELD,"4444 MIDDLE URBANA RD    SPRINGFIELD, OH 45503-6306"
807,KETTERING FAIRMONT HIGH SCHOOL KETTERING,"3301 SHROYER RD    KETTERING, OH 45429-2635"
808,KEYSTONE HIGH SCHOOL LA GRANGE,"580 OPPORTUNITY WAY    LA GRANGE, OH 44050"
810,KINGS HIGH SCHOOL KINGS MILLS,"5500 COLUMBIA ROAD    KINGS MILLS, OH 45034"
817,KINGSWAY CHRISTIAN SCHOOL HIGH ORRVILLE,
812,KIRTLAND HIGH SCHOOL KIRTLAND,"9150 CHILLICOTHE ROAD    KIRTLAND, OH 44094-9212"
842,LA SALLE HIGH SCHOOL CINCINNATI,"3091 N BEND RD    CINCINNATI, OH 45239-7637"
818,LABRAE HIGH SCHOOL LEAVITTSBURG,"1001 N LEAVITT RD    LEAVITTSBURG, OH 44430-9644"
824,LAKE CATHOLIC HIGH SCHOOL MENTOR,"6733 REYNOLDS RD    MENTOR, OH 44060-3956"
823,LAKE CENTER CHRISTIAN SCHOOL H HARTVILLE,"12893 KAUFMAN AVENUE NW    HARTVILLE, OH 44632-9037"
820,LAKE HIGH SCHOOL MILLBURY,"28080 LEMOYNE RD    MILLBURY, OH 43447-9747"
822,LAKE HIGH SCHOOL UNIONTOWN,"1025 LAKE CENTER ST    UNIONTOWN, OH 44685-9466"
827,LAKE RIDGE ACADEMY HIGH SCHOOL N RIDGEVILLE,"37501 CENTER RIDGE RD    N RIDGEVILLE, OH 44039-2813"
140,LAKESIDE HIGH SCHOOL ASHTABULA,"6600 SANBORN RD    ASHTABULA, OH 44004-9552"
828,LAKEVIEW HIGH SCHOOL CORTLAND,"300 HILLMAN DR    CORTLAND, OH 44410-1562"
830,LAKEWOOD HIGH SCHOOL HEBRON,"9331 LANCERS RD    HEBRON, OH 43025-9709"
832,LAKEWOOD HIGH SCHOOL LAKEWOOD,"14100 FRANKLIN BLVD    LAKEWOOD, OH 44107-4516"
836,LAKOTA EAST HIGH SCHOOL LIBERTY TWP.,"6840 LAKOTA LANE    LIBERTY TOWNSHIP, OH 45044"
834,LAKOTA HIGH SCHOOL KANSAS,"5200 COUNTY ROAD 13    KANSAS, OH 44841-9617"
837,LAKOTA WEST HIGH SCHOOL WEST CHESTER,"8940 UNION CENTRE BLVD    WEST CHESTER, OH 45069"
838,LANCASTER HIGH SCHOOL LANCASTER,"1312 GRANVILLE PIKE    LANCASTER, OH 43130-1033"
844,LAUREL HIGH SCHOOL SHAKER HEIGHTS,"1 LYMAN CIRCLE    SHAKER HEIGHTS, OH 44122-2110"
846,LEBANON HIGH SCHOOL LEBANON,"1916 DRAKE ROAD    LEBANON, OH 45036-8624"
848,LEDGEMONT HIGH SCHOOL THOMPSON,
850,LEETONIA HIGH SCHOOL LEETONIA,"450 WALNUT ST    LEETONIA, OH 44431-1075"
852,LEHMAN CATHOLIC HIGH SCHOOL SIDNEY,"2400 ST MARYS AVE    SIDNEY, OH 45365-8902"
854,LEIPSIC HIGH SCHOOL LEIPSIC,"232 OAK STREET    LEIPSIC, OH 45856-1312"
1062,LEMON-MONROE HIGH SCHOOL MONROE,"220 YANKEE ROAD    MONROE, OH 45050"
856,LEXINGTON HIGH SCHOOL LEXINGTON,"103 CLEVER LANE    LEXINGTON, OH 44904-1209"
858,LIBBEY HIGH SCHOOL TOLEDO,
864,LIBERTY CENTER HIGH SCHOOL LIBERTY CENTER,"103 W YOUNG ST    LIBERTY CENTER, OH 43532-0434"
860,LIBERTY HIGH SCHOOL YOUNGSTOWN,"1 LEOPARD WAY    YOUNGSTOWN, OH 44505-1385"
866,LIBERTY UNION HIGH SCHOOL BALTIMORE,"500 WASHINGTON ST    BALTIMORE, OH 43105-1150"
862,LIBERTY-BENTON HIGH SCHOOL FINDLAY,"9190 COUNTY ROAD 9    FINDLAY, OH 45840-8811"
868,LICKING HEIGHTS HIGH SCHOOL PATASKALA,"4000 MINK ROAD SW    PATASKALA, OH 43062-9310"
870,LICKING VALLEY HIGH SCHOOL NEWARK,"100 HAINSVIEW DRIVE NE    NEWARK, OH 43055-8911"
874,LIMA CENTRAL CATHOLIC HIGH SCH LIMA,"720 SOUTH CABLE ROAD    LIMA, OH 45805-3456"
872,LIMA SENIOR HIGH SCHOOL LIMA,"1 SPARTAN WAY    LIMA, OH 45801-4561"
876,LINCOLN HIGH SCHOOL GAHANNA,"140 S HAMILTON RD    GAHANNA, OH 43230-2919"
880,LINCOLN WEST HIGH SCHOOL CLEVELAND,"3202 W 30TH ST    CLEVELAND, OH 44109-1506"
878,LINCOLNVIEW HIGH SCHOOL VAN WERT,"15945 MIDDLEPOINT RD    VAN WERT, OH 45891-2799"
882,LINDEN MC KINLEY HIGH SCHOOL COLUMBUS,"1320 DUXBERRY AVE.    COLUMBUS, OH 43211"
884,LITTLE MIAMI HIGH SCHOOL MORROW,"3001 E US HIGHWAY 22 AND 3    MORROW, OH 45152-8235"
886,LOCKLAND HIGH SCHOOL LOCKLAND,"249 W FORRER AVE    LOCKLAND, OH 45215-3014"
890,LOGAN ELM HIGH SCHOOL CIRCLEVILLE,"9575 TARLTON RD    CIRCLEVILLE, OH 43113-9448"
888,LOGAN HIGH SCHOOL LOGAN,"14470 ST. RT. 328    LOGAN, OH 43138-1524"
892,LONDON HIGH SCHOOL LONDON,"336 ELM ST    LONDON, OH 43140-9220"
894,LORAIN LORAIN,"2270 EAST 42ND ST.      LORAIN, OH 44055"
898,LORDSTOWN HIGH SCHOOL WARREN,"1824 SALT SPRINGS RD SW    WARREN, OH 44481"
900,LOUDONVILLE HIGH SCHOOL LOUDONVILLE,"421 CAMPUS AVE    LOUDONVILLE, OH 44842-1104"
902,LOUISVILLE HIGH SCHOOL LOUISVILLE,"1201 S NICKLEPLATE AVE    LOUISVILLE, OH 44641-2650"
904,LOVELAND HIGH SCHOOL LOVELAND,"1 TIGER TRAIL    LOVELAND, OH 45140-9390"
906,LOWELLVILLE HIGH SCHOOL LOWELLVILLE,"52 ROCKET PL    LOWELLVILLE, OH 44436-1070"
908,LUCAS HIGH SCHOOL LUCAS,"5 FIRST AVENUE    LUCAS, OH 44843-0327"
912,LUTHERAN EAST HIGH SCHOOL CLEVELAND HTS,"3565 MAYFIELD RD    CLEVELAND HTS, OH 44118-1401"
914,LUTHERAN WEST HIGH SCHOOL ROCKY RIVER,"3850 LINDEN RD    ROCKY RIVER, OH 44116-4099"
916,LYNCHBURG-CLAY HIGH SCHOOL LYNCHBURG,"6762 ST RT 134 SOUTH    LYNCHBURG, OH 45142"
920,MADEIRA HIGH SCHOOL CINCINNATI,"7465 LOANNES DR    CINCINNATI, OH 45243-1851"
926,MADISON COMPREHENSIVE HIGH SCH MANSFIELD,"600 ESLEY LANE    MANSFIELD, OH 44905-2718"
922,MADISON HIGH SCHOOL MADISON,"3100 BURNS RD    MADISON, OH 44057-1771"
925,MADISON CHRISTIAN GROVEORT,"3565 BIXBY RD    GROVEPORT, OH 43125-9454"
924,MADISON JUNIOR/SENIOR HIGH SCH MIDDLETOWN,"5797 WEST ALEXANDRIA RD    MIDDLETOWN, OH 45042-1525"
928,MADISON PLAINS HIGH SCHOOL LONDON,"800 LINSON RD SW    LONDON, OH 43140-9751"
930,MAGNIFICAT HIGH SCHOOL ROCKY RIVER,"20770 HILLIARD BLVD    ROCKY RIVER, OH 44116-3309"
934,MALVERN HIGH SCHOOL MALVERN,"401 WEST MAIN ST    MALVERN, OH 44644-9482"
936,MANCHESTER HIGH SCHOOL AKRON,"437 W NIMISILA RD    AKRON, OH 44319-4964"
938,MANCHESTER HIGH SCHOOL MANCHESTER,"130 WAYNE FRYE DRIVE    MANCHESTER, OH 45144-9314"
942,MANSFIELD CHRISTIAN HIGH SCHOO MANSFIELD,"500 LOGAN RD    MANSFIELD, OH 44907-2819"
940,MANSFIELD SENIOR HIGH SCHOOL MANSFIELD,"124 N. LINDEN ROAD    MANSFIELD, OH 44906"
944,MAPLE HEIGHTS HIGH SCHOOL MAPLE HEIGHTS,"1 MUSTANG WAY    MAPLE HEIGHTS, OH 44137-2609"
946,MAPLETON HIGH SCHOOL ASHLAND,"635 COUNTY ROAD 801    ASHLAND, OH 44805-8843"
948,MAPLEWOOD HIGH SCHOOL CORTLAND,"2414 GREENVILLE RD NE    CORTLAND, OH 44410-9619"
950,MARGARETTA HIGH SCHOOL CASTALIA,"209 LOWELL ST    CASTALIA, OH 44824-9748"
954,MARIEMONT HIGH SCHOOL CINCINNATI,"1 WARRIOR WAY    CINCINNATI, OH 45227-3823"
956,MARIETTA HIGH SCHOOL MARIETTA,"208 DAVIS AVE    MARIETTA, OH 45750"
960,MARION CATHOLIC HIGH SCHOOL MARION,
690,MARION HARDING HIGH SCHOOL MARION,"1500 HARDING HIGHWAY EAST    MARION, OH 43302-5141"
958,MARION LOCAL HIGH SCHOOL MARIA STEIN,"1901 STATE ROUTE 716    MARIA STEIN, OH 45860-9713"
962,MARION-FRANKLIN HIGH SCHOOL COLUMBUS,"1265 KOEBEL RD    COLUMBUS, OH 43207-2620"
964,MARLINGTON HIGH SCHOOL ALLIANCE,"10450 MOULIN AVE NE    ALLIANCE, OH 44601-9746"
967,MARTIN LUTHER KING JR. HIGH SC CLEVELAND,"1651 E 71ST ST    CLEVELAND, OH 44103-4023"
968,MARTINS FERRY HIGH SCHOOL MARTINS FERRY,"5000 AYERS LIMESTONE RD    MARTINS FERRY, OH 43935-1588"
970,MARYSVILLE HIGH SCHOOL MARYSVILLE,"800 AMRINE MILL RD    MARYSVILLE, OH 43040-1056"
972,MASON HIGH SCHOOL MASON,"6100 S. MASON-MONTGOMERY RD    MASON, OH 45040-1728"
974,MATHEWS HIGH SCHOOL VIENNA,"4429 WARREN SHARON RD NE    VIENNA, OH 44473-9644"
976,MAUMEE HIGH SCHOOL MAUMEE,"1147 SACO STREET    MAUMEE, OH 43537-2916"
977,MAUMEE VALLEY CNTRY DAY HIGH S TOLEDO,"1715 S REYNOLDS ROAD    TOLEDO, OH 43614-1403"
978,MAX S. HAYES VOCATIONAL SCHOOL CLEVELAND,"2211 WEST 65TH STREET    CLEVELAND, OH 44102"
980,MAYFIELD HIGH SCHOOL MAYFIELD,"6116 WILSON MILLS RD    MAYFIELD, OH 44143-2105"
982,MAYSVILLE HIGH SCHOOL ZANESVILLE,"3725 PANTHER DR    ZANESVILLE, OH 43701-7086"
984,MC AULEY HIGH SCHOOL CINCINNATI,"6000 OAKWOOD AVE    CINCINNATI, OH 45224-2334"
988,MC CLAIN HIGH SCHOOL GREENFIELD,"200 N FIFTH ST    GREENFIELD, OH 45123-1373"
990,MC COMB HIGH SCHOOL MC COMB,"328 S TODD STREET    MC COMB, OH 45858"
992,MC DONALD HIGH SCHOOL MC DONALD,"600 IOWA AVE    MCDONALD, OH 44437-1677"
996,MC KINLEY HIGH SCHOOL SEBRING,"225 E INDIANA AVENUE    SEBRING, OH 44672-1432"
1000,MEADOWBROOK HIGH SCHOOL BYESVILLE,"58615 MARIETTA RD    BYESVILLE, OH 43723-9801"
1002,MEADOWDALE HIGH SCHOOL DAYTON,"3873 WHITESTONE CT    DAYTON, OH 45416-2128"
1004,MECHANICSBURG HIGH SCHOOL MECHANICSBURG,"60 HIGH STREET    MECHANICSBURG, OH 43044-1003"
1006,MEDINA HIGH SCHOOL MEDINA,"777 E UNION ST    MEDINA, OH 44256-1970"
1008,MEIGS HIGH SCHOOL POMEROY,"42091 POMEROY PIKE    POMEROY, OH 45769-9411"
1010,MEMORIAL HIGH SCHOOL CAMPBELL,"280 6TH ST    CAMPBELL, OH 44405-1325"
1012,MEMORIAL HIGH SCHOOL ST MARYS,"2250 STATE ROUTE 66 NORTH    ST MARYS, OH 45885-2523"
1016,MENTOR HIGH SCHOOL MENTOR,"6477 CENTER ST    MENTOR, OH 44060-4109"
1018,MIAMI EAST HIGH SCHOOL CASSTOWN,"3925 N STATE ROUTE 589    CASSTOWN, OH 45312-9707"
1022,MIAMI TRACE HIGH SCHOOL WASHINGTON CH,"3722 STATE ROUTE 41 NW    WASHINGTON CH, OH 43160-9408"
1023,MIAMI VALLEY CHRISTIAN ACADEMY CINCINNATI,"6830 SCHOOL ST    CINCINNATI, OH 45244"
1024,MIAMI VALLEY SCHOOL HIGH SCHOO DAYTON,"5151 DENISE DR    DAYTON, OH 45429-1909"
1020,MIAMISBURG HIGH SCHOOL MIAMISBURG,"1860 BELVO    MIAMISBURG, OH 45342"
1027,MIDDLETOWN CHRISTIAN HIGH SCHO FRANKLIN,"3011 N UNION ROAD    FRANKLIN, OH 45005"
1026,MIDDLETOWN HIGH SCHOOL MIDDLETOWN,"601 N BREIEL BLVD    MIDDLETOWN, OH 45042-3801"
1028,MIDPARK HIGH SCHOOL MIDDLEBURG HGTS,
1030,MIDVIEW HIGH SCHOOL GRAFTON,"38199 CAPEL ROAD    GRAFTON, OH 44044-1137"
1032,MIFFLIN HIGH SCHOOL COLUMBUS,"3245 OAK SPRING ST    COLUMBUS, OH 43219-3067"
1034,MILFORD HIGH SCHOOL MILFORD,"ONE EAGLES WAY    MILFORD, OH 45150-2346"
1038,MILLER CITY HIGH SCHOOL MILLER CITY,"200 N. MAIN ST.    MILLER CITY, OH 45864-0038"
1036,MILLER HIGH SCHOOL CORNING,"10397 STATE ROUTE 155 SE    CORNING, OH 43730-9710"
1040,MILLERSPORT HIGH SCHOOL MILLERSPORT,"11850 LANCASTER ST    MILLERSPORT, OH 43046-0278"
1042,MILTON-UNION HIGH SCHOOL WEST MILTON,"7640 MILTON-POTSDAM ROAD    WEST MILTON, OH 45383-1505"
1044,MINERAL RIDGE HIGH SCHOOL MINERAL RIDGE,"1334 SEABORN ST    MINERAL RIDGE, OH 44440-9541"
1046,MINERVA HIGH SCHOOL MINERVA,"501 ALMEDA AVE    MINERVA, OH 44657-2020"
1048,MINFORD HIGH SCHOOL MINFORD,"491 BOND RD    MINFORD, OH 45653-0204"
1052,MINSTER HIGH SCHOOL MINSTER,"100 EAST 7TH STREET    MINSTER, OH 45865-9801"
1054,MISSISSINAWA VALLEY HIGH SCHOO UNION CITY,"10480 STAUDT ROAD    UNION CITY, OH 45390-9805"
1058,MOGADORE HIGH SCHOOL MOGADORE,"130 S CLEVELAND AVE    MOGADORE, OH 44260-1443"
1060,MOHAWK HIGH SCHOOL SYCAMORE,"605 STATE HIGHWAY 231    SYCAMORE, OH 44882-9434"
1061,MONCLOVA CHRISTIAN ACADEMY HIG MONCLOVA,
1063,MONROE CENTRAL HIGH SCHOOL WOODSFIELD,"469 LEWISVILLE ROAD    WOODSFIELD, OH 43793-9438"
1064,MONROEVILLE HIGH SCHOOL MONROEVILLE,"101 WEST STREET    MONROEVILLE, OH 44847-9797"
1066,MONTPELIER HIGH SCHOOL MONTPELIER,"1015 E BROWN RD    MONTPELIER, OH 43543-0193"
1068,MORGAN HIGH SCHOOL MC CONNELSVILLE,"800 S RAIDER DR    MC CONNELSVILLE, OH 43756-9299"
1070,MOTHER OF MERCY HIGH SCHOOL CINCINNATI,"3036 WERK ROAD    CINCINNATI, OH 45211-7042"
1072,MOUNT GILEAD HIGH SCHOOL MOUNT GILEAD,"338 W PARK AVE    MOUNT GILEAD, OH 43338-1140"
1074,MOUNT HEALTHY HIGH SCHOOL CINCINNATI,"8101 HAMILTON AVE    CINCINNATI, OH 45231"
1076,MOUNT NOTRE DAME HIGH SCHOOL CINCINNATI,"711 E COLUMBIA AVE    CINCINNATI, OH 45215-3927"
1079,MOUNT VERNON ACADEMY HIGH SCHO MOUNT VERNON,
1078,MOUNT VERNON HIGH SCHOOL MOUNT VERNON,"300 MARTINSBURG ROAD    MOUNT VERNON, OH 43050-4246"
1080,NAPOLEON HIGH SCHOOL NAPOLEON,"701 BRIARHEATH DR    NAPOLEON, OH 43545-1297"
1082,NATIONAL TRAIL HIGH SCHOOL NEW PARIS,"6940 OXFORD GETTYSBURG RD    NEW PARIS, OH 45347-9804"
1084,NELSONVILLE-YORK HIGH SCHOOL NELSONVILLE,"1 BUCKEYE DRIVE    NELSONVILLE, OH 45764-9801"
1086,NEW ALBANY HIGH SCHOOL NEW ALBANY,"7600 FODOR ROAD    NEW ALBANY, OH 43054-8738"
1092,NEW BREMEN HIGH SCHOOL NEW BREMEN,"901 E. MONROE STREET    NEW BREMEN, OH 45869-1241"
1098,NEW KNOXVILLE HIGH SCHOOL NEW KNOXVILLE,"345 S MAIN ST    NEW KNOXVILLE, OH 45871-0476"
1100,NEW LEXINGTON HIGH SCHOOL NEW LEXINGTON,"2547 PANTHER DR    NEW LEXINGTON, OH 43764-9802"
1102,NEW LONDON HIGH SCHOOL NEW LONDON,"1 WILDCAT DRIVE    NEW LONDON, OH 44851-1126"
1104,NEW MIAMI HIGH SCHOOL HAMILTON,"600 SEVEN MILE AVENUE    HAMILTON, OH 45011-5748"
1106,NEW PHILADELPHIA HIGH SCHOOL N PHILADELPHIA,"343 RAY AVE NW    N PHILADELPHIA, OH 44663-1950"
1108,NEW RICHMOND HIGH SCHOOL NEW RICHMOND,"1131 BETHEL-NEW RICHMOND RD    NEW RICHMOND, OH 45157-9510"
1110,NEW RIEGEL HIGH SCHOOL NEW RIEGEL,"44 N PERRY ST    NEW RIEGEL, OH 44853-0126"
1090,NEWARK CATHOLIC HIGH SCHOOL NEWARK,"1 GREEN WAVE DRIVE    NEWARK, OH 43055-2505"
1088,NEWARK HIGH SCHOOL NEWARK,"314 GRANVILLE ST.    NEWARK, OH 43055-4615"
1094,NEWBURY HIGH SCHOOL NEWBURY,"14775 AUBURN RD    NEWBURY, OH 44065-9702"
1096,NEWCOMERSTOWN HIGH SCHOOL NEWCOMERSTOWN,"659 S BEAVER ST    NEWCOMERSTOWN, OH 43832-1403"
1112,NEWTON FALLS HIGH SCHOOL NEWTON FALLS,"907 MILTON BLVD    NEWTON FALLS, OH 44444-1319"
1114,NEWTON LOCAL HIGH SCHOOL PLEASANT HILL,"201 N LONG STREET    PLEASANT HILL, OH 45359-0803"
1115,NICHOLAS-LIBERTY HIGH SCHOOL DAYTON,
1116,NORDONIA HIGH SCHOOL MACEDONIA,"8006 S BEDFORD RD    MACEDONIA, OH 44056-2025"
994,NILES MC KINLEY HIGH SCHOOL NILES,"616 DRAGON DR    NILES, OH 44446-5144"
1118,NORMANDY HIGH SCHOOL PARMA,"2500 W PLEASANT VALLEY RD    PARMA, OH 44134-6521"
1128,NORTH ADAMS HIGH SCHOOL SEAMAN,"96 GREEN DEVIL DR    SEAMAN, OH 45679-0425"
1130,NORTH BALTIMORE HIGH SCHOOL NORTH BALTIMORE,"2012 TIGER DRIVE    NORTH BALTIMORE, OH 45872-1301"
1132,NORTH CENTRAL HIGH SCHOOL PIONEER,"400 BAUBICE ST    PIONEER, OH 43554-9637"
1134,NORTH COLLEGE HILL HIGH SCHOOL CINCINNATI,"1620 W GALBRAITH RD    CINCINNATI, OH 45239-4810"
1120,NORTH HIGH SCHOOL AKRON,"985 GORGE BLVD    AKRON, OH 44310-2489"
1122,NORTH HIGH SCHOOL EASTLAKE,"34041 STEVENS BLVD    EASTLAKE, OH 44095-5105"
1124,NORTH HIGH SCHOOL SPRINGFIELD,
1146,NORTH OLMSTED HIGH SCHOOL NORTH OLMSTED,"5755 BURNS RD    NORTH OLMSTED, OH 44070-4929"
1152,NORTH RIDGEVILLE HIGH SCHOOL N RIDGEVILLE,"34600 BAINBRIDGE RD    N RIDGEVILLE, OH 44039-4073"
1154,NORTH ROYALTON HIGH SCHOOL NORTH ROYALTON,"14713 RIDGE RD    NORTH ROYALTON, OH 44133-4930"
1156,NORTH UNION HIGH SCHOOL RICHWOOD,"401 N FRANKLIN ST    RICHWOOD, OH 43344-1032"
1136,NORTHEASTERN HIGH SCHOOL SPRINGFIELD,"1480 BOWMAN RD    SPRINGFIELD, OH 45502-8805"
1140,NORTHLAND HIGH SCHOOL COLUMBUS,"1919 NORTHCLIFF DR    COLUMBUS, OH 43229-5332"
1142,NORTHMONT HIGH SCHOOL CLAYTON,"4916 NATIONAL RD    CLAYTON, OH 45315-9714"
1144,NORTHMOR HIGH SCHOOL GALION,"7819 STATE ROUTE 19    GALION, OH 44833-9655"
1148,NORTHRIDGE HIGH SCHOOL DAYTON,"2251 TIMBER LANE    DAYTON, OH 45414-4532"
1150,NORTHRIDGE HIGH SCHOOL JOHNSTOWN,"6066 JOHNSTOWN-UTICA RD N    JOHNSTOWN, OH 43031-9408"
1162,NORTHWEST HIGH SCHOOL CANAL FULTON,"8580 ERIE AVE N    CANAL FULTON, OH 44614-9363"
1164,NORTHWEST HIGH SCHOOL CINCINNATI,"10761 PIPPIN ROAD    CINCINNATI, OH 45231-1612"
1166,NORTHWEST HIGH SCHOOL MC DERMOTT,"914 MOHAWK DR    MC DERMOTT, OH 45652"
1168,NORTHWESTERN HIGH SCHOOL SPRINGFIELD,"5780 TROY ROAD    SPRINGFIELD, OH 45502-9032"
1170,NORTHWESTERN HIGH SCHOOL WEST SALEM,"7473 N ELYRIA RD    WEST SALEM, OH 44287-9707"
1172,NORTHWOOD HIGH SCHOOL NORTHWOOD,"700 LEMOYNE RD    NORTHWOOD, OH 43619-1814"
1158,NORTON HIGH SCHOOL NORTON,"4128 CLEVELAND-MASSILLON RD    NORTON, OH 44203-5601"
1160,NORWALK HIGH SCHOOL NORWALK,"350 SHADY LANE DRIVE    NORWALK, OH 44857-1714"
1174,NORWAYNE HIGH SCHOOL CRESTON,"350 S MAIN ST    CRESTON, OH 44217-9604"
1176,NORWOOD HIGH SCHOOL NORWOOD,"2020 SHERMAN AVE    NORWOOD, OH 45212-2616"
1182,NOTRE DAME ACADEMY HIGH SCHOOL TOLEDO,"3535 W. SYLVANIA AVENUE    TOLEDO, OH 43623-4410"
1178,NOTRE DAME HIGH SCHOOL PORTSMOUTH,"2220 SUNRISE AVE    PORTSMOUTH, OH 45662-2962"
1180,NOTRE DAME-CATHEDRAL LATIN HIG CHARDON,"13000 AUBURN RD    CHARDON, OH 44024-9330"
1184,OAK HARBOR HIGH SCHOOL OAK HARBOR,"11661 W STATE ROUTE 163    OAK HARBOR, OH 43449-1278"
1186,OAK HILL HIGH SCHOOL OAK HILL,"5063 STATE ROUTE 93    OAK HILL, OH 45656-1068"
1188,OAK HILLS HIGH SCHOOL CINCINNATI,"3200 EBENEZER RD    CINCINNATI, OH 45248-4038"
1190,OAKWOOD HIGH SCHOOL DAYTON,"1200 FAR HILLS AVE    DAYTON, OH 45419-3118"
1192,OBERLIN HIGH SCHOOL OBERLIN,"281 N PLEASANT ST    OBERLIN, OH 44074-1124"
1196,OHIO SCHOOL FOR THE BLIND HIGH COLUMBUS,
1198,OHIO SCHOOL FOR THE DEAF HIGH COLUMBUS,
1200,OLD FORT HIGH SCHOOL OLD FORT,"7635 N COUNTY RD 51    OLD FORT, OH 44861"
1202,OLENTANGY HIGH SCHOOL LEWIS CENTER,"675 LEWIS CENTER ROAD    LEWIS CENTER, OH 43035-9049"
1203,OLENTANGY LIBERTY HIGH SCHOOL POWELL,"3584 HOME RD    POWELL, OH 43065-9757"
1211,OLENTANGY ORANGE LEWIS CENTER,"2840 E ORANGE RD    LEWIS CENTER, OH 43035-9300"
1204,OLMSTED FALLS HIGH SCHOOL OLMSTED FALLS,"26939 BAGLEY ROAD    OLMSTED FALLS, OH 44138-1161"
1206,ONTARIO HIGH SCHOOL MANSFIELD,"467 SHELBY ONTARIO ROAD    ONTARIO, OH 44906"
1207,OPEN DOOR CHRISTIAN HIGH SCHOO ELYRIA,"8287 W RIDGE RD    ELYRIA, OH 44035-4466"
1208,ORANGE HIGH SCHOOL PEPPER PIKE,"32000 CHAGRIN BLVD    PEPPER PIKE, OH 44124-5922"
1210,ORRVILLE HIGH SCHOOL ORRVILLE,"841 N ELLA ST    ORRVILLE, OH 44667-1154"
1212,OTSEGO HIGH SCHOOL TONTOGANY,"18505 TONTOGANY CREEK RD    TONTOGANY, OH 43565-0290"
1216,OTTAWA HILLS HIGH SCHOOL TOLEDO,"2532 EVERGREEN ROAD    TOLEDO, OH 43606-2301"
1214,OTTAWA-GLANDORF HIGH SCHOOL OTTAWA,"630 GLENDALE AVE    OTTAWA, OH 45875-1162"
1218,OTTOVILLE HIGH SCHOOL OTTOVILLE,"650 WEST THIRD STREET    OTTOVILLE, OH 45876-0248"
1222,OUR LADY OF THE ELMS HIGH SCHO AKRON,"1375 W EXCHANGE ST    AKRON, OH 44313-7619"
9015,OYLER CINCINNATI,"2121 HATMAKER ST.    CINCINNATI, OH 45204"
1224,PADUA FRANCISCAN HIGH SCHOOL PARMA,"6740 STATE ROAD    PARMA, OH 44134-4518"
1226,PAINT VALLEY HIGH SCHOOL BAINBRIDGE,"7454 US HIGHWAY 50 W    BAINBRIDGE, OH 45612-9707"
1228,PANDORA-GILBOA HIGH SCHOOL PANDORA,"410 ROCKET RIDGE    PANDORA, OH 45877-9607"
1230,PARKWAY HIGH SCHOOL ROCKFORD,"400 BUCKEYE ST    ROCKFORD, OH 45882-9309"
1232,PARMA HIGH SCHOOL PARMA,"6285 W 54TH ST    PARMA, OH 44129-5259"
1234,PATRICK HENRY HIGH SCHOOL HAMLER,"6-900 STATE ROUTE 18    HAMLER, OH 43524-9801"
1236,PAULDING HIGH SCHOOL PAULDING,"405 N WATER ST    PAULDING, OH 45879-1251"
1238,PEEBLES HIGH SCHOOL PEEBLES,"25719 STATE ROUTE 41    PEEBLES, OH 45660-1219"
1240,PERKINS HIGH SCHOOL SANDUSKY,"3714 CAMPBELL ST    SANDUSKY, OH 44870-5313"
1242,PERRY HIGH SCHOOL LIMA,"2770 EAST BREESE ROAD    LIMA, OH 45806-9802"
1244,PERRY HIGH SCHOOL MASSILLON,"3737 13TH STREET SW    MASSILLON, OH 44646-3407"
1246,PERRY HIGH SCHOOL PERRY,"ONE SUCCESS BLVD    PERRY, OH 44081-9611"
1248,PERRYSBURG HIGH SCHOOL PERRYSBURG,"13385 ROACHTON RD    PERRYSBURG, OH 43551-1363"
1250,PETTISVILLE HIGH SCHOOL PETTISVILLE,"232 SUMMIT STREET    PETTISVILLE, OH 43553-0001"
1252,PHILO HIGH SCHOOL PHILO,"4000 MILLERS LN    DUNCAN FALLS, OH 43734-9750"
1254,PICKERINGTON HIGH SCHOOL CENTER PICKERINGTON,"300 OPPORTUNITY WAY    PICKERINGTON, OH 43147-1296"
1255,PICKERINGTON HIGH SCHOOL NORTH PICKERINGTON,"7800 REFUGEE RD    PICKERINGTON, OH 43147-7987"
1256,PIKETON HIGH SCHOOL PIKETON,"1414 PIKETON ROAD    PIKETON, OH 45661"
1258,PIQUA HIGH SCHOOL PIQUA,"1 INDIAN TRAIL    PIQUA, OH 45356-9257"
1260,PLEASANT HIGH SCHOOL MARION,"1101 OWENS RD W    MARION, OH 43302-8421"
1262,PLYMOUTH HIGH SCHOOL PLYMOUTH,"400 TRUX STREET    PLYMOUTH, OH 44865-1133"
1235,POITZ CAREER TECH. CENTER DAYTON,"741 WASHINGTON STREET    DAYTON, OH 45402"
1264,POLAND SEMINARY HIGH SCHOOL POLAND,"3199 DOBBINS RD    POLAND, OH 44514-2327"
1266,PORT CLINTON HIGH SCHOOL PORT CLINTON,"821 SOUTH JEFFERSON ST    PORT CLINTON, OH 43452-2415"
1268,PORTSMOUTH HIGH SCHOOL PORTSMOUTH,"1225 GALLIA ST    PORTSMOUTH, OH 45662-4159"
1270,PORTSMOUTH WEST HIGH SCHOOL WEST PORTSMOUTH,"15332 US HIGHWAY 52    WEST PORTSMOUTH, OH 45663-9093"
1272,PREBLE SHAWNEE HIGH SCHOOL CAMDEN,"5495 SOMERS GRATIS ROAD    CAMDEN, OH 45311-9717"
1274,PRINCETON HIGH SCHOOL CINCINNATI,"100 VIKING WAY    CINCINNATI, OH 45246-3802"
1276,PURCELL MARIAN HIGH SCHOOL CINCINNATI,"2935 HACKBERRY STREET    CINCINNATI, OH 45206-1407"
1278,PUT-IN-BAY HIGH SCHOOL PUT-IN-BAY,"BOX 659    CATAWBA AVENUE        PUT-IN-BAY, OH 43456-0659"
1280,PYMATUNING VALLEY HIGH SCHOOL ANDOVER,"5571 US RT 6 WEST    ANDOVER, OH 44003-1180"
1281,RAVENNA HIGH SCHOOL RAVENNA,"6589 N CHESNUT ST    RAVENNA, OH 44266"
1284,READING HIGH SCHOOL READING,"810 E COLUMBIA AVE    READING, OH 45215-3930"
1288,REVERE HIGH SCHOOL RICHFIELD,"3420 EVERETT RD    RICHFIELD, OH 44286-9711"
1290,REYNOLDSBURG HIGH SCHOOL REYNOLDSBURG,"6699 E LIVINGSTON AVE    REYNOLDSBURG, OH 43068-3605"
1292,RHODES HIGH SCHOOL CLEVELAND,"5100 BIDDULPH AVE    CLEVELAND, OH 44144-3802"
1294,RICHMOND HEIGHTS HIGH SCHOOL RICHMOND HTS,"447 RICHMOND ROAD    RICHMOND HTS, OH 44143-1429"
1296,RIDGEDALE HIGH SCHOOL MORRAL,"3165 HILLMAN FORD RD    MORRAL, OH 43337-9302"
1298,RIDGEMONT HIGH SCHOOL RIDGEWAY,"560 W TAYLOR ST    MT. VICTORY, OH 43340"
1300,RIDGEWOOD HIGH SCHOOL WEST LAFAYETTE,"602 JOHNSON ST    WEST LAFAYETTE, OH 43845-1350"
1302,RIPLEY-UNION-LEWIS-HUNTINGTON RIPLEY,"1317 S SECOND ST    RIPLEY, OH 45167-8993"
1304,RITTMAN HIGH SCHOOL RITTMAN,"50 SAURER STREET    RITTMAN, OH 44270-1259"
1306,RIVER HIGH SCHOOL HANNIBAL,"52560 RIVER HIGH ROAD    HANNIBAL, OH 43931-0037"
1314,RIVER VALLEY HIGH SCHOOL CALEDONIA,"4280 MARION-MT GILEAD RD    CALEDONIA, OH 43314-9456"
816,RIVER VALLEY HIGH SCHOOL CHESHIRE,"8785 ST. RT. 160    BIDWELL, OH 45614-9106"
1316,RIVER VIEW HIGH SCHOOL WARSAW,"26496 STATE ROUTE 60 N    WARSAW, OH 43844-9714"
1308,RIVERDALE HIGH SCHOOL MT. BLANCHARD,"20613 STATE ROUTE 37    MT. BLANCHARD, OH 45867-9783"
1310,RIVERSIDE HIGH SCHOOL DE GRAFF,"2096 COUNTY ROAD 24 S    DE GRAFF, OH 43318-9406"
1312,RIVERSIDE HIGH SCHOOL PAINESVILLE,"585 RIVERSIDE DRIVE    PAINESVILLE, OH 44077-5323"
9057,RIVERVIEW EAST ACADEMY CINCINNATI,"3555 KELLOGG AVE    CINCINNATI, OH 45226"
1318,ROCK HILL HIGH SCHOOL IRONTON,"2415 COUNTY ROAD 26    IRONTON, OH 45638-9803"
1320,ROCKY RIVER HIGH SCHOOL ROCKY RIVER,"20951 DETROIT RD    ROCKY RIVER, OH 44116-2431"
1322,ROGER BACON HIGH SCHOOL ST BERNARD,"4320 VINE ST    ST BERNARD, OH 45217-1542"
1324,ROGERS HIGH SCHOOL TOLEDO,"222 MC TIGUE DR    TOLEDO, OH 43615-5164"
1326,ROOSEVELT HIGH SCHOOL KENT,"1400 N MANTUA ST    KENT, OH 44240-2334"
1328,ROOTSTOWN HIGH SCHOOL ROOTSTOWN,"4190 STATE ROUTE 44    ROOTSTOWN, OH 44272-9697"
1330,ROSS HIGH SCHOOL HAMILTON,"3601 HAMILTON-CLEVES RD    HAMILTON, OH 45013-9505"
1332,ROSSFORD HIGH SCHOOL ROSSFORD,"701 SUPERIOR ST    ROSSFORD, OH 43460"
1336,RUSSIA HIGH SCHOOL RUSSIA,"100 SCHOOL ST    RUSSIA, OH 45363-0008"
1392,SALEM HIGH SCHOOL SALEM,"1200 EAST SIXTH STREET    SALEM, OH 44460-1757"
1394,SANDUSKY HIGH SCHOOL SANDUSKY,"2130 HAYES AVENUE    SANDUSKY, OH 44870-4740"
1396,SANDY VALLEY HIGH SCHOOL MAGNOLIA,"5130 STATE ROUTE 183 NE    MAGNOLIA, OH 44643-9801"
1397,SCHOOL FOR CREATIVE PERFORMING CINCINNATI,"108 WEST CENTRAL PARKWAY    CINCINNATI, OH 45210-2022"
484,SCIOTOVILLE COMMUNITY HIGH SCH PORTSMOUTH,"224 MARSHALL AVE    PORTSMOUTH, OH 45662"
1398,SCOTT HIGH SCHOOL TOLEDO,"2400 COLLINGWOOD BLVD.    TOLEDO, OH 43620"
1400,SENECA EAST HIGH SCHOOL ATTICA,"13343 E. US 224    ATTICA, OH 44807-0462"
1402,SETON HIGH SCHOOL CINCINNATI,"3901 GLENWAY AVE    CINCINNATI, OH 45205"
1404,SEVEN HILLS UPPER HIGH SCHOOL CINCINNATI,"5400 RED BANK RD    CINCINNATI, OH 45227-1122"
1406,SHADYSIDE HIGH SCHOOL SHADYSIDE,"3890 LINCOLN AVE    SHADYSIDE, OH 43947-1319"
1408,SHAKER HEIGHTS HIGH SCHOOL SHAKER HEIGHTS,"15911 ALDERSYDE DRIVE    SHAKER HEIGHTS, OH 44120-2505"
1410,SHAW HIGH SCHOOL EAST CLEVELAND,"15320 EUCLID AVE    EAST CLEVELAND, OH 44112-2806"
1412,SHAWNEE HIGH SCHOOL LIMA,"3333 ZURMEHLY RD    LIMA, OH 45806-1312"
1414,SHAWNEE HIGH SCHOOL SPRINGFIELD,"1675 E POSSUM RD    SPRINGFIELD, OH 45502-9402"
1415,SHEKINAH CHRISTIAN HIGH SCHOOL PLAIN CITY,"10040 LAFAYETTE-PLAIN CITY RD    PLAIN CITY, OH 43064-9567"
1416,SHELBY HIGH SCHOOL SHELBY,"1 WHIPPET WAY    SHELBY, OH 44875"
1418,SHENANDOAH HIGH SCHOOL SARAHSVILLE,"49346 SENECA LAKE ROAD    SARAHSVILLE, OH 43779-9801"
1420,SHERIDAN HIGH SCHOOL THORNVILLE,"8725 SHERIDAN RD NW    THORNVILLE, OH 43076-9757"
1421,SHRODER PAIDEIA ACADEMY HIGH S CINCINNATI,"5030 DUCK CREEK RD    CINCINNATI, OH 45227"
1422,SIDNEY HIGH SCHOOL SIDNEY,"1215 CAMPBELL RD    SIDNEY, OH 45365-2507"
1426,SMITHVILLE HIGH SCHOOL SMITHVILLE,"200 SMITHIE DR.    SMITHVILLE, OH 44677-0156"
1428,SOLON HIGH SCHOOL SOLON,"33600 INWOOD ROAD    SOLON, OH 44139-4132"
1446,SOUTH CENTRAL HIGH SCHOOL GREENWICH,"3305 GREENWICH ANGLING RD    GREENWICH, OH 44837-9443"
1453,SOUTH GALLIA HIGH SCHOOL CROWN CITY,"55 REBEL DRIVE    CROWN CITY, OH 45623"
1438,SOUTH HIGH SCHOOL SPRINGFIELD,
1440,SOUTH HIGH SCHOOL WILLOUGHBY,"5000 SHANKLAND RD    WILLOUGHBY, OH 44094-5637"
1458,SOUTH POINT HIGH SCHOOL SOUTH POINT,"983 COUNTY ROAD 60    SOUTH POINT, OH 45680-9803"
1460,SOUTH RANGE HIGH SCHOOL NORTH LIMA,"11300 COLUMBIANA CANFIELD ROAD    SUITE H        CANFIELD, OH 44406"
1436,SOUTH URBAN ACADEMY HIGH SCHOO COLUMBUS,"1160 ANN STREET    COLUMBUS, OH 43206-2876"
230,SOUTH WEBSTER HIGH SCHOOL SOUTH WEBSTER,"10529 MAIN ST    SOUTH WEBSTER, OH 45682"
1448,SOUTHEAST HIGH SCHOOL RAVENNA,"8423 TALLMADGE RD    RAVENNA, OH 44266-9242"
1450,SOUTHEASTERN HIGH SCHOOL CHILLICOTHE,"2003 LANCASTER ROAD    CHILLICOTHE, OH 45601"
1452,SOUTHEASTERN LOCAL HIGH SCHOOL S CHARLESTON,"195 E JAMESTOWN ST    SOUTH CHARLESTON, OH 45368-0826"
1454,SOUTHERN HIGH SCHOOL RACINE,"920 ELM ST    RACINE, OH 45771"
1456,SOUTHERN HIGH SCHOOL SALINEVILLE,"38095 STATE ROUTE 39    SALINEVILLE, OH 43945-9726"
1468,SPENCERVILLE HIGH SCHOOL SPENCERVILLE,"2500 WISHER DR    SPENCERVILLE, OH 45887-1293"
1470,SPRINGBORO HIGH SCHOOL SPRINGBORO,"1675 S MAIN ST    SPRINGBORO, OH 45066-1524"
1472,SPRINGFIELD HIGH SCHOOL AKRON,"1880 CANTON ROAD    AKRON, OH 44312-4467"
1476,SPRINGFIELD HIGH SCHOOL HOLLAND,"1470 S MC CORD RD    HOLLAND, OH 43528-9414"
1478,SPRINGFIELD HIGH SCHOOL NEW MIDDLETOWN,"11335 YOUNGSTOWN-PITTSBURGH RD    NEW MIDDLETOWN, OH 44442-8724"
1480,SPRINGFIELD HIGH SCHOOL SPRINGFIELD,"701 E HOME RD    SPRINGFIELD, OH 45503-2798"
1340,ST BERNARD-ELMWOOD PLACE HIGH ST BERNARD,"4615 TOWER AVENUE    ST BERNARD, OH 45217-1724"
1342,ST CHARLES HIGH SCHOOL COLUMBUS,"2010 E BROAD ST    COLUMBUS, OH 43209-1665"
1344,ST CLAIRSVILLE HIGH SCHOOL ST CLAIRSVILLE,"102 WOODROW AVE    ST CLAIRSVILLE, OH 43950-1524"
1346,ST EDWARD HIGH SCHOOL LAKEWOOD,"13500 DETROIT AVE    LAKEWOOD, OH 44107-4602"
1348,ST FRANCIS DE SALES HIGH SCHOO COLUMBUS,"4212 KARL RD    COLUMBUS, OH 43224-2056"
1350,ST FRANCIS DE SALES HIGH SCHOO TOLEDO,"2323 W BANCROFT ST    TOLEDO, OH 43607-1306"
1352,ST HENRY HIGH SCHOOL ST HENRY,"391 E COLUMBUS STREET    ST HENRY, OH 45883-9574"
1354,ST IGNATIUS HIGH SCHOOL CLEVELAND,"1911 W 30TH ST    CLEVELAND, OH 44113-3401"
1362,ST JOHN CENTRAL HIGH SCHOOL BELLAIRE,"3625 GUERNSEY STREET    BELLAIRE, OH 43906-1235"
1358,ST JOHN'S HIGH SCHOOL DELPHOS,"515 E SECOND ST    DELPHOS, OH 45833-1708"
1360,ST JOHN'S JESUIT HIGH SCHOOL TOLEDO,"5901 AIRPORT HWY    TOLEDO, OH 43615-7344"
1366,ST JOSEPH ACADEMY HIGH SCHOOL CLEVELAND,"3470 ROCKY RIVER DR    CLEVELAND, OH 44111-2937"
1370,ST JOSEPH CENTRAL CATHOLIC HIG FREMONT,"702 CROGHAN ST    FREMONT, OH 43420-2417"
1368,ST JOSEPH CENTRAL HIGH SCHOOL IRONTON,"912 S SIXTH ST    IRONTON, OH 45638"
1372,ST MARY CENTRAL CATHOLIC HIGH SANDUSKY,"410 W JEFFERSON ST    SANDUSKY, OH 44870-2427"
1375,ST. MARTIN DE PORRES CLEVELAND,"6111 LAUSCHE AVENUE    CLEVELAND, OH 44103-1564"
1374,ST PAUL HIGH SCHOOL NORWALK,"93 E MAIN ST    NORWALK, OH 44857-1715"
356,ST PETER CHANEL HIGH SCHOOL BEDFORD,
1376,ST PETER'S HIGH SCHOOL MANSFIELD,"104 W FIRST ST    MANSFIELD, OH 44902-2104"
1378,ST THOMAS AQUINAS HIGH SCHOOL LOUISVILLE,"2121 RENO DR NE    LOUISVILLE, OH 44641-9036"
1380,ST URSULA ACADEMY HIGH SCHOOL CINCINNATI,"1339 E MC MILLAN ST    CINCINNATI, OH 45206-2164"
1382,ST URSULA ACADEMY HIGH SCHOOL TOLEDO,"4025 INDIAN RD    TOLEDO, OH 43606-2226"
1384,ST VINCENT-ST MARY HIGH SCHOOL AKRON,"15 N MAPLE ST    AKRON, OH 44303-2326"
1386,ST WENDELIN HIGH SCHOOL FOSTORIA,"533 N COUNTYLINE ST    FOSTORIA, OH 44830-1503"
1388,ST XAVIER HIGH SCHOOL CINCINNATI,"600 W NORTH BEND RD    CINCINNATI, OH 45224-1499"
1482,START HIGH SCHOOL TOLEDO,"2010 TREMAINSVILLE RD    TOLEDO, OH 43613-3499"
1484,STEBBINS HIGH SCHOOL RIVERSIDE,"1900 HARSHMAN RD    RIVERSIDE, OH 45424-5097"
1486,STEELE HIGH SCHOOL AMHERST,"450 WASHINGTON ST    AMHERST, OH 44001-1552"
1488,STEUBENVILLE HIGH SCHOOL STEUBENVILLE,"420 N FOURTH ST    STEUBENVILLE, OH 43952-2022"
7488,STIVERS SCHOOL FOR THE ARTS HI DAYTON,"1313 E FIFTH ST    DAYTON, OH 45402"
1492,STOW-MUNROE FALLS HIGH SCHOOL STOW,"3227 E GRAHAM RD.    STOW, OH 44224-3938"
1494,STRASBURG-FRANKLIN HIGH SCHOOL STRASBURG,"140 N BODMER AVE    STRASBURG, OH 44680-1122"
1496,STREETSBORO HIGH SCHOOL STREETSBORO,"1900 ANNALANE DRIVE    STREETSBORO, OH 44241-1729"
1498,STRONGSVILLE HIGH SCHOOL STRONGSVILLE,"20025 LUNN RD    STRONGSVILLE, OH 44149-4925"
1500,STRUTHERS HIGH SCHOOL STRUTHERS,"111 EUCLID AVE    STRUTHERS, OH 44471-1710"
1502,STRYKER HIGH SCHOOL STRYKER,"400 S DEFIANCE ST    STRYKER, OH 43557-0264"
1504,SUMMIT COUNTRY DAY HIGH SCHOOL CINCINNATI,"2161 GRANDIN RD    CINCINNATI, OH 45208-3359"
1506,SWANTON HIGH SCHOOL SWANTON,"601 N MAIN ST    SWANTON, OH 43558-1226"
1508,SYCAMORE HIGH SCHOOL CINCINNATI,"7400 CORNELL ROAD    CINCINNATI, OH 45242"
1510,SYLVANIA NORTHVIEW HIGH SCHOOL SYLVANIA,"5403 SILICA DR    SYLVANIA, OH 43560-1981"
1512,SYLVANIA SOUTHVIEW HIGH SCHOOL SYLVANIA,"7225 SYLVANIA AVENUE    SYLVANIA, OH 43560-3532"
1514,SYMMES VALLEY HIGH SCHOOL WILLOW WOOD,"14778 STATE ROUTE 141    WILLOW WOOD, OH 45696-9015"
1518,TAFT HIGH SCHOOL CINCINNATI,"420 EZZARD CHARLES DRIVE    CINCINNATI, OH 45214"
1520,TALAWANDA HIGH SCHOOL OXFORD,"5301 UNIVERSITY PARK BLVD    OXFORD, OH 45056"
1522,TALLMADGE HIGH SCHOOL TALLMADGE,"140 N. MUNROE ROAD    TALLMADGE, OH 44278-2018"
1524,TAYLOR HIGH SCHOOL NORTH BEND,"56 COOPER ROAD    CLEVES, OH 45002"
1526,TEAYS VALLEY HIGH SCHOOL ASHVILLE,"3887 STATE ROUTE 752    ASHVILLE, OH 43103-9551"
1528,TECUMSEH HIGH SCHOOL NEW CARLISLE,"9830 W NATIONAL RD    NEW CARLISLE, OH 45344-9227"
1527,TEMPLE CHRISTIAN HIGH SCHOOL LIMA,"982 BROWER RD    LIMA, OH 45801"
1738,THOMAS WORTHINGTON HIGH SCHOOL WORTHINGTON,"300 W GRANVILLE RD    WORTHINGTON, OH 43085-3527"
1530,TIMKEN HIGH SCHOOL CANTON,
1532,TINORA HIGH SCHOOL DEFIANCE,"5921 DOMERSVILLE RD    DEFIANCE, OH 43512-9803"
1534,TIPPECANOE HIGH SCHOOL TIPP CITY,"615 E KESSLER-COWLESVILLE RD    TIPP CITY, OH 45371-2927"
343,TOLEDO CHRISTIAN HIGH SCHOOL TOLEDO,"2303 BROOKFORD DR    TOLEDO, OH 43614-4308"
1536,TORONTO HIGH SCHOOL TORONTO,"1305 DENNIS WAY    TORONTO, OH 43964"
2100,TREE OF LIFE CHRISTIAN HIGH SC COLUMBUS,"935 NORTHRIDGE RD    COLUMBUS, OH 43224-2654"
1538,TRIAD HIGH SCHOOL NORTH LEWISBURG,"8099 BRUSH LAKE ROAD    NORTH LEWISBURG, OH 43060-9617"
1562,TRI-COUNTY NORTH HIGH SCHOOL LEWISBURG,"500 PANTHER WAY    LEWISBURG, OH 45338"
1540,TRIMBLE HIGH SCHOOL GLOUSTER,"ONE TOMCAT DRIVE    GLOUSTER, OH 45732-9803"
1542,TRINITY HIGH SCHOOL GARFIELD HGTS.,"12425 GRANGER RD    GARFIELD HTS., OH 44125-2942"
1544,TRI-VALLEY HIGH SCHOOL DRESDEN,"46 E MUSKINGUM AVE    DRESDEN, OH 43821-9701"
1546,TRI-VILLAGE HIGH SCHOOL NEW MADISON,"315 S MAIN ST    NEW MADISON, OH 45346"
1548,TRIWAY HIGH SCHOOL WOOSTER,"3205 SHREVE RD    WOOSTER, OH 44691-4439"
1550,TROTWOOD-MADISON HIGH SCHOOL TROTWOOD,"4440 N UNION RD    TROTWOOD, OH 45426-3153"
1553,TROY CHRISTIAN HIGH SCHOOL TROY,"700 S DORSET ROAD    TROY, OH 45373"
1552,TROY HIGH SCHOOL TROY,"151 W STAUNTON RD    TROY, OH 45373"
1554,TURPIN HIGH SCHOOL CINCINNATI,"2650 BARTELS RD    CINCINNATI, OH 45244-4009"
1556,TUSCARAWAS CENTRAL CATHOLIC HI N.PHILADELPHIA,"777 THIRD ST NE    NEW PHILADELPHIA, OH 44663-2741"
1558,TUSCARAWAS VALLEY HIGH SCHOOL ZOARVILLE,"2637 TUSKY VALLEY RD    ZOARVILLE, OH 44656-9692"
1560,TUSLAW HIGH SCHOOL MASSILLON,"1847 MANCHESTER RD NW    MASSILLON, OH 44647-9624"
1564,TWIN VALLEY SOUTH HIGH SCHOOL WEST ALEXANDRIA,"100 EDUCATION DR    WEST ALEXANDRIA, OH 45381"
350,TWINSBURG HIGH SCHOOL TWINSBURG,"10084 RAVENNA ROAD    TWINSBURG, OH 44087-1723"
1566,UNION LOCAL HIGH SCHOOL BELMONT,"66779 BELMONT-MORRISTOWN ROAD    BELMONT, OH 43718-9568"
1568,UNIOTO HIGH SCHOOL CHILLICOTHE,"14193 PLEASANT VALLEY RD    CHILLICOTHE, OH 45601"
1570,UNITED HIGH SCHOOL HANOVERTON,"8143 STATE ROUTE 9    HANOVERTON, OH 44423-8618"
1571,UNIVERSITY SCHOOL HIGH SCHOOL HUNTING VALLEY,"2785 SOM CENTER RD    HUNTING VALLEY, OH 44022-6652"
1572,UPPER ARLINGTON HIGH SCHOOL COLUMBUS,"1650 RIDGEVIEW RD    COLUMBUS, OH 43221-2954"
1574,UPPER SANDUSKY HIGH SCHOOL UPPER SANDUSKY,"800 N SANDUSKY AVE    UPPER SANDUSKY, OH 43351-1032"
1576,UPPER SCIOTO VALLEY HIGH SCHOO MC GUFFEY,"510 S COURTRIGHT ST    MC GUFFEY, OH 45859-0305"
1578,URBANA HIGH SCHOOL URBANA,"500 WASHINGTON AVE    URBANA, OH 43078-1759"
1582,URSULINE ACADEMY HIGH SCHOOL CINCINNATI,"5535 PFEIFFER RD    CINCINNATI, OH 45242-4813"
1580,URSULINE HIGH SCHOOL YOUNGSTOWN,"750 WICK AVE    YOUNGSTOWN, OH 44505-2827"
1584,UTICA HIGH SCHOOL UTICA,"260 N JEFFERSON ST    UTICA, OH 43080-0677"
1588,VALLEY FORGE HIGH SCHOOL PARMA HEIGHTS,"9999 INDEPENDENCE BLVD    PARMA HEIGHTS, OH 44130-4644"
1586,VALLEY HIGH SCHOOL LUCASVILLE,"1821 ST RT 728    LUCASVILLE, OH 45648-9806"
1590,VALLEY VIEW HIGH SCHOOL GERMANTOWN,"6027 FARMERSVILLE-GERMANTOWN RD    GERMANTOWN, OH 45327"
1592,VAN BUREN HIGH SCHOOL VAN BUREN,"217 S. MAIN STREET    VAN BUREN, OH 45889-9627"
1596,VAN WERT HIGH SCHOOL VAN WERT,"10708 ST RT 118 S    VAN WERT, OH 45891-9243"
1594,VANLUE HIGH SCHOOL VANLUE,"301 S EAST ST    VANLUE, OH 45890-0250"
1598,VERMILION HIGH SCHOOL VERMILION,"1250 SANFORD ST    VERMILION, OH 44089-1519"
1600,VERSAILLES HIGH SCHOOL VERSAILLES,"280 MARKER RD.    VERSAILLES, OH 45380-1105"
1364,VILLA ANGELA-ST JOSEPH HIGH SC CLEVELAND,"18491 LAKESHORE BLVD.    CLEVELAND, OH 44119-9950"
1365,VILLAGE ACADEMY HIGH SCHOOL POWELL,"284 S LIBERTY STREET    POWELL, OH 43065-7616"
1604,VINTON COUNTY HIGH SCHOOL MC ARTHUR,"63910 US HWY 50    MC ARTHUR, OH 45651-1010"
1606,WADSWORTH HIGH SCHOOL WADSWORTH,"625 BROAD ST    WADSWORTH, OH 44281-2319"
1608,WAITE HIGH SCHOOL TOLEDO,"301 MORRISON DRIVE    TOLEDO, OH 43605-2124"
1610,WALNUT HILLS HIGH SCHOOL CINCINNATI,"3250 VICTORY PKWY    CINCINNATI, OH 45207"
1612,WALNUT RIDGE HIGH SCHOOL COLUMBUS,"4841 E LIVINGSTON AVE    COLUMBUS, OH 43227-2172"
1614,WALSH JESUIT HIGH SCHOOL CUYAHOGA FALLS,"4550 WYOGA LAKE ROAD    CUYAHOGA FALLS, OH 44224-1059"
1616,WAPAKONETA HIGH SCHOOL WAPAKONETA,"1 W REDSKIN TRAIL    WAPAKONETA, OH 45895-9375"
692,WARREN G HARDING HIGH SCHOOL WARREN,"860 ELM RD NE    WARREN, OH 44483-5195"
1618,WARREN HIGH SCHOOL VINCENT,"130 WARRIOR DRIVE    VINCENT, OH 45784-9801"
1620,WARRENSVILLE HEIGHTS HIGH SCHO WARRENSVILLE HT,"4270 NORTHFIELD RD    WARRENSVILLE HTS, OH 44128-2812"
1624,WASHINGTON HIGH SCHOOL MASSILLON,"ONE PAUL E BROWN DR SE    MASSILLON, OH 44646-6718"
1626,WASHINGTON HIGH SCHOOL WASHINGTON CH,"400 S. ELM STREET    WASHINGTON C.H., OH 43160"
1628,WATERFORD HIGH SCHOOL WATERFORD,"330 MAIN ST    WATERFORD, OH 45786-0067"
1630,WATERLOO HIGH SCHOOL ATWATER,"1464 INDUSTRY RD    ATWATER, OH 44201-9349"
1632,WATKINS MEMORIAL HIGH SCHOOL PATASKALA,"8868 WATKINS ROAD SW    PATASKALA, OH 43062-9053"
1634,WAUSEON HIGH SCHOOL WAUSEON,"840 PARKVIEW    WAUSEON, OH 43567-1269"
1636,WAVERLY HIGH SCHOOL WAVERLY,"1 TIGER DRIVE    WAVERLY, OH 45690-1253"
1638,WAYNE HIGH SCHOOL HUBER HEIGHTS,"5400 CHAMBERSBURG RD    HUBER HEIGHTS, OH 45424-3737"
1646,WAYNE TRACE HIGH SCHOOL HAVILAND,"4915 US ROUTE 127    HAVILAND, OH 45851-9801"
1640,WAYNEDALE HIGH SCHOOL APPLE CREEK,"9050 DOVER RD    APPLE CREEK, OH 44606-9603"
1642,WAYNESFIELD-GOSHEN HIGH SCHOOL WAYNESFIELD,"500 N WESTMINISTER ST    WAYNESFIELD, OH 45896-9448"
1644,WAYNESVILLE HIGH SCHOOL WAYNESVILLE,"735 DAYTON RD    WAYNESVILLE, OH 45068-9503"
1650,WELLINGTON HIGH SCHOOL WELLINGTON,"629 N MAIN ST    WELLINGTON, OH 44090-1033"
1529,WELLINGTON SCHOOL HIGH SCHOOL COLUMBUS,"3650 REED RD    COLUMBUS, OH 43220-4825"
1652,WELLSTON HIGH SCHOOL WELLSTON,"200 GOLDEN ROCKET DRIVE    WELLSTON, OH 45692"
1654,WELLSVILLE HIGH SCHOOL WELLSVILLE,"1 BENGAL BLVD.    WELLSVILLE, OH 43968-1423"
1658,WEST BRANCH HIGH SCHOOL BELOIT,"14277 MAIN ST    BELOIT, OH 44609-9505"
1660,WEST CARROLLTON HIGH SCHOOL WEST CARROLLTON,"5833 STUDENT ST    WEST CARROLLTON, OH 45449-2935"
1678,WEST GEAUGA HIGH SCHOOL CHESTERLAND,"13401 CHILLICOTHE ROAD    CHESTERLAND, OH 44026-3532"
1656,WEST HIGH SCHOOL COLUMBUS,"179 S POWELL AVE    COLUMBUS, OH 43204-3032"
1680,WEST HOLMES HIGH SCHOOL MILLERSBURG,"10909 STATE ROUTE 39    MILLERSBURG, OH 44654-9801"
1682,WEST JEFFERSON HIGH SCHOOL WEST JEFFERSON,"1 ROUGHRIDER DR    WEST JEFFERSON, OH 43162-1360"
1688,WEST LIBERTY-SALEM HIGH SCHOOL WEST LIBERTY,"7208 US HIGHWAY 68 N    WEST LIBERTY, OH 43357-9663"
1690,WEST MUSKINGUM HIGH SCHOOL ZANESVILLE,"150 KIMES ROAD    ZANESVILLE, OH 43701-8913"
1694,WEST UNION HIGH SCHOOL WEST UNION,"97 DRAGON LAIR DR    WEST UNION, OH 45693-1425"
1664,WESTERN BROWN HIGH SCHOOL MOUNT ORAB,"476 WEST MAIN STREET    MOUNT ORAB, OH 45154"
1662,WESTERN HIGH SCHOOL LATHAM,"7959 STATE ROUTE 124    LATHAM, OH 45646"
1666,WESTERN HILLS HIGH SCHOOL CINCINNATI,"2144 FERGUSON ROAD    CINCINNATI, OH 45238-3720"
1668,WESTERN RESERVE HIGH SCHOOL BERLIN CENTER,"13850 AKRON-CANFIELD RD    BERLIN CENTER, OH 44401-9752"
1670,WESTERN RESERVE HIGH SCHOOL COLLINS,"3841 STATE ROUTE 20    COLLINS, OH 44826-9751"
1671,WESTERVILLE CENTRAL HIGH SCHOO WESTERVILLE,"7118 MOUNT ROYAL AVENUE    WESTERVILLE, OH 43082-8393"
1672,WESTERVILLE NORTH HIGH SCHOOL WESTERVILLE,"950 COUNTY LINE ROAD    WESTERVILLE, OH 43081-1000"
1674,WESTERVILLE SOUTH HIGH SCHOOL WESTERVILLE,"303 S OTTERBEIN AVENUE    WESTERVILLE, OH 43081-2333"
1676,WESTFALL HIGH SCHOOL WILLIAMSPORT,"19463 PHERSON PIKE    WILLIAMSPORT, OH 43164-9745"
1684,WESTLAKE HIGH SCHOOL WESTLAKE,"27830 HILLIARD BLVD    WESTLAKE, OH 44145-3032"
1686,WESTLAND HIGH SCHOOL GALLOWAY,"146 GALLOWAY ROAD    GALLOWAY, OH 43119-9402"
1696,WHEELERSBURG HIGH SCHOOL WHEELERSBURG,"800 PIRATE DR    WHEELERSBURG, OH 45694"
1698,WHETSTONE HIGH SCHOOL COLUMBUS,"4405 SCENIC DR    COLUMBUS, OH 43214-3040"
1700,WHITEHALL-YEARLING HIGH SCHOOL WHITEHALL,"675 S YEARLING RD    WHITEHALL, OH 43213-3054"
1702,WHITEOAK HIGH SCHOOL MOWRYSTOWN,"44 NORTH HIGH STREET    MOWRYSTOWN, OH 45155-9999"
1704,WHITMER HIGH SCHOOL TOLEDO,"5601 CLEGG DR    TOLEDO, OH 43613-2022"
1706,WICKLIFFE HIGH SCHOOL WICKLIFFE,"2255 ROCKFELLER RD    WICKLIFFE, OH 44092-0170"
1710,WILLARD HIGH SCHOOL WILLARD,"123 DR LH WHISLER DR.    WILLARD, OH 44890-1359"
1712,WILLIAMSBURG HIGH SCHOOL WILLIAMSBURG,"500 SOUTH 5TH STREET    WILLIAMSBURG, OH 45176-1144"
1714,WILMINGTON HIGH SCHOOL WILMINGTON,"300 RICHARDSON PLACE    WILMINGTON, OH 45177-1251"
1716,WINDHAM HIGH SCHOOL WINDHAM,"9530 BAUER AVENUE    WINDHAM, OH 44288-1004"
1719,WINTON WOODS HIGH SCHOOL CINCINNATI,"1231 WEST KEMPER ROAD    CINCINNATI, OH 45240"
1720,WITHROW HIGH SCHOOL CINCINNATI,"2488 MADISON RD    CINCINNATI, OH 45208-1216"
1722,WOODMORE HIGH SCHOOL ELMORE,"633 FREMONT STREET    ELMORE, OH 43416-9736"
1724,WOODRIDGE HIGH SCHOOL PENINSULA,"4440 QUICK RD    PENINSULA, OH 44264-9706"
1728,WOODROW WILSON HIGH SCHOOL YOUNGSTOWN,
1732,WOODWARD HIGH SCHOOL CINCINNATI,"7005 READING RD    CINCINNATI, OH 45237-3898"
1734,WOODWARD HIGH SCHOOL TOLEDO,"701 E. CENTRAL    TOLEDO, OH 43608"
1736,WOOSTER HIGH SCHOOL WOOSTER,"515 OLDMAN ROAD    WOOSTER, OH 44691-8540"
1740,WORTHINGTON CHRISTIAN HIGH SCH WORTHINGTON,"6670 WORTHINGTON-GALENA ROAD    WORTHINGTON, OH 43085"
1741,WORTHINGTON KILBOURNE HIGH SCH COLUMBUS,"1499 HARD RD    COLUMBUS, OH 43235-1991"
1742,WYNFORD HIGH SCHOOL BUCYRUS,"3288 HOLMES CENTER RD    BUCYRUS, OH 44820-9463"
1744,WYOMING HIGH SCHOOL CINCINNATI,"106 PENDERY AVE    CINCINNATI, OH 45215-2727"
1747,XENIA CHRISTIAN HIGH SCHOOL XENIA,"1101 JOHN WESLEY AVE    XENIA, OH 45385"
1746,XENIA HIGH SCHOOL XENIA,"303 KINSEY RD    XENIA, OH 45385-1410"
1748,YELLOW SPRINGS HIGH SCHOOL YELLOW SPRINGS,"420 E ENON RD    YELLOW SPRINGS, OH 45387-1417"
1751,YOUNGSTOWN CHRISTIAN SCHOOL HI YOUNGSTOWN,"4401 SOUTHERN BLVD    YOUNGSTOWN, OH 44512-1566"
1752,ZANE TRACE HIGH SCHOOL CHILLICOTHE,"946 STATE ROUTE 180    CHILLICOTHE, OH 45601-9705"
1750,ZANESVILLE HIGH SCHOOL ZANESVILLE,"1701 BLUE AVE    ZANESVILLE, OH 43701-2457"
